закупки;Дата размещения закупки;ФЗ;Тип закупки;Объект закупки;Заказчик закупки;Ед.;метод определения НМЦК;НМЦК закупки;НМЦК за ед.;Дата обоснования НМЦК;Количество запросов;Количество ответов;ТКП 1;ТКП 2;ТКП 3;ТКП 4;ТКП 5;ТКП 6;ТКП 7;ТКП 8;ТКП 9;ТКП 10;Среднее значение цены;Минималльная цена;Максимальная цена;Среднее квадратичное отклонение;Коэффициент вариации;ФЗ;НМЦК рыночная;Лимит финансирования;Статус закупки;Общее количество заявок;Общее количество допущенных заявок;Общее количество отклоненных заявок;Ценовое предложение 1;Заявитель 1;Статус заявителя 1;Ценовое предложение 2;Зявитель 2;Статус заявителя 2;Ценовое предложение 3;Заявитель 3;Статус заявителя 3;Ценовое предложение 4;Заявитель 4;Статус заявителя 4;Ценовое предложение 5;Заявитель 5;Статус заявителя 5;Ценовое предложение 6;Заявитель 6;Статус заявителя 6;Заказчик по контракту;Победитель-исполнитель контракта;Идентификатор договора;Реестровый номер договора; договора;Цена договора;Дата начала/подписания;Дата окончания/исполнения;НМЦК-цена договора;Снижение НМЦК, %%;ФЗ;;пп;пп;Дата закладки заказа 1;;;Заводской номер заказа 2;Заводское название заказа 2;Дата закладки заказа 2;Дата спуска заказа 2;Дата сдачи заказа 2;Заводской номер заказа 3;Заводское название заказа 3;Дата закладки заказа 3;Дата спуска заказа 3;Дата сдачи заказа 3;Заводской номер заказа 4;Заводское название заказа 4;Дата закладки заказа 4;Дата спуска заказа 4;Дата сдачи заказа 4;Заводской номер заказа 5;Заводское название заказа 5;Дата закладки заказа 5;Дата спуска заказа 5;Дата сдачи заказа 5;Заводской номер заказа 6;Заводское название заказа 6;Дата закладки заказа 6;Дата спуска заказа 6;Дата сдачи заказа 6;Заводской номер заказа 7;Заводское название заказа 7;Дата закладки заказа 7;Дата спуска заказа 7;Дата сдачи заказа 7;Заводской номер заказа 8;Заводское название заказа 8;Дата закладки заказа 8;Дата спуска заказа 8;Дата сдачи заказа 8;Заводской номер заказа 9;Заводское название заказа 9;Дата закладки заказа 9;Дата спуска заказа 9;Дата сдачи заказа 9;Заводской номер заказа 10;Заводское название заказа 10;Дата закладки заказа 10;Дата спуска заказа 10;Дата сдачи заказа 10;Заводской номер заказа 11;Заводское название заказа 11;Дата закладки заказа 11;Дата спуска заказа 11;Дата сдачи заказа 11;Заводской номер заказа 12;Заводское название заказа 12;Дата закладки заказа 12;Дата спуска заказа 12;Дата сдачи заказа 12
3.722E+17;14.04.2023;44-ФЗ;Электронный аукцион;Выполнение работ по строительству спасательного маломерного моторного судна с прицепом для обеспечения деятельности Санкт-Петербургского государственного казенного учреждения «Поисково-спасательная служба Санкт-Петербурга»;"САНКТ-ПЕТЕРБУРГСКОЕ ГОСУДАРСТВЕННОЕ КАЗЕННОЕ УЧРЕЖДЕНИЕ ""ПОИСКОВО-СПАСАТЕЛЬНАЯ СЛУЖБА САНКТ-ПЕТЕРБУРГА""";1;анализ рынка ст.22 44-ФЗ ;12173710;12173709.99;;3;3;11820980;12163710;12536440;;;;;;;;12173710;11820980;12536440;357834.81;0.03;44-ФЗ;12173710;;электронный аукцион признан несостоявшимся;0;0;0;не подано предложений;не подано предложений;не подано предложений;не подано предложений;не подано предложений;не подано предложений;не подано предложений;не подано предложений;не подано предложений;не подано предложений;не подано предложений;не подано предложений;не подано предложений;не подано предложений;не подано предложений;не подано предложений;не подано предложений;не подано предложений;"САНКТ-ПЕТЕРБУРГСКОЕ ГОСУДАРСТВЕННОЕ КАЗЕННОЕ УЧРЕЖДЕНИЕ ""ПОИСКОВО-СПАСАТЕЛЬНАЯ СЛУЖБА САНКТ-ПЕТЕРБУРГА""";не подано предложений;не подано предложений;не подано предложений;не подано предложений;;;;0;0;44-ФЗ;;1;2;-;;;;;;;;;;;;;;;;;;;;;;;;;;;;;;;;;;;;;;;;;;;;;;;;;;;;;;;;;
1.722E+17;13.04.2023;44-ФЗ;Электронный аукцион;Поставка судна для государственных нужд Санкт-Петербурга в 2023 году;КОМИТЕТ ПО ГОСУДАРСТВЕННОМУ ЗАКАЗУ САНКТ-ПЕТЕРБУРГА;1;анализ рынка ст.22 44-ФЗ ;100050000;100050000;12.04.2023;3;3;101000000;94150000;105000000;;;;;;;;100050000;94150000;105000000;5487030.16;0.05;44-ФЗ;100050000;;Определение поставщика завершено;1;1;0;100050000;"ОБЩЕСТВО С ОГРАНИЧЕННОЙ ОТВЕТСТВЕННОСТЬЮ ""ОЗЕРНАЯ ВЕРФЬ""";заключен контракт;нет;нет;нет;нет;нет;нет;нет;нет;нет;нет;нет;нет;нет;нет;нет;КОМИТЕТ ПО ГОСУДАРСТВЕННОМУ ЗАКАЗУ САНКТ-ПЕТЕРБУРГА;"ОБЩЕСТВО С ОГРАНИЧЕННОЙ ОТВЕТСТВЕННОСТЬЮ ""ОЗЕРНАЯ ВЕРФЬ""";92374594;27838444751 23 000072;146/23;100050000;22.05.2023;31.12.2023;0;0;44-ФЗ;;2;3;2;0;;;;;;;;;;;;;;;;;;;;;;;;;;;;;;;;;;;;;;;;;;;;;;;;;;;;;;;;
1.223E+17;20.03.2023;44-ФЗ;Электронный аукцион;"Поставка маломерного спасательного судна, для нужд городского поселения ""Город Амурск""";"АДМИНИСТРАЦИЯ ГОРОДСКОГО ПОСЕЛЕНИЯ ""ГОРОД АМУРСК"" АМУРСКОГО МУНИЦИПАЛЬНОГО РАЙОНА ХАБАРОВСКОГО КРАЯ";1;анализ рынка ст.22 44-ФЗ ;3055000;3055000;10.03.2023;3;3;3000000;3055000;3110000;;;;;;;;3055000;3000000;3110000;55000;0.02;44-ФЗ;3055000;;Определение поставщика завершено;1;1;0;3055000;"ОБЩЕСТВО С ОГРАНИЧЕННОЙ ОТВЕТСТВЕННОСТЬЮ ""БОГАЧЕВА ДВ""";;;;;;;;;;;;;;;;;"АДМИНИСТРАЦИЯ ГОРОДСКОГО ПОСЕЛЕНИЯ ""ГОРОД АМУРСК"" АМУРСКОГО МУНИЦИПАЛЬНОГО РАЙОНА ХАБАРОВСКОГО КРАЯ";"ОБЩЕСТВО С ОГРАНИЧЕННОЙ ОТВЕТСТВЕННОСТЬЮ ""БОГАЧЕВА ДВ""";91030093;32706026117 23 000020;1.22E+21;3055000;10.04.2023;17.07.2023;0;0;44-ФЗ;;3;5;3;0;;;;;;;;;;;;;;;;;;;;;;;;;;;;;;;;;;;;;;;;;;;;;;;;;;;;;;;;
3.722E+17;10.02.2023;44-ФЗ;Электронный аукцион;Поставка продукции судостроительной промышленности – спасательного маломерного моторного судна с прицепом для обеспечения деятельности Санкт-Петербургского государственного казенного учреждения «Поисково-спасательная служба Санкт-Петербурга;"САНКТ-ПЕТЕРБУРГСКОЕ ГОСУДАРСТВЕННОЕ КАЗЕННОЕ УЧРЕЖДЕНИЕ ""ПОИСКОВО-СПАСАТЕЛЬНАЯ СЛУЖБА САНКТ-ПЕТЕРБУРГА""";1;анализ рынка ст.22 44-ФЗ ;12000000;12000000;;3;3;11950000;12100000;12163710;;;;;;;;12071236.67;11950000;12163710;109720.04;0.01;44-ФЗ;12071236.67;12000000;электронный аукцион признан несостоявшимся;0;0;0;не подано предложений;не подано предложений;не подано предложений;не подано предложений;не подано предложений;не подано предложений;не подано предложений;не подано предложений;не подано предложений;не подано предложений;не подано предложений;не подано предложений;не подано предложений;;;;;;"САНКТ-ПЕТЕРБУРГСКОЕ ГОСУДАРСТВЕННОЕ КАЗЕННОЕ УЧРЕЖДЕНИЕ ""ПОИСКОВО-СПАСАТЕЛЬНАЯ СЛУЖБА САНКТ-ПЕТЕРБУРГА""";не подано предложений;не подано предложений;не подано предложений;не подано предложений;;;;0;0;44-ФЗ;;4;6;-;;;;;;;;;;;;;;;;;;;;;;;;;;;;;;;;;;;;;;;;;;;;;;;;;;;;;;;;;
32312098080;07.02.2023;223-ФЗ;Запрос котировок в электронной форме;Запрос котировок в электронной форме ( ЦА 83-22) по выбору организации на право заключения договора на выполнение работ по строительству разъездного катера для Астраханского филиала ФГУП «Росморпорт»;"ФЕДЕРАЛЬНОЕ ГОСУДАРСТВЕННОЕ УНИТАРНОЕ ПРЕДПРИЯТИЕ ""РОСМОРПОРТ""";1;анализ рынка ст.4 223-ФЗ ;72500000;72500000;22.12.2022;5;5;72500000;95624000;87500000;87550000;82500000;;;;;;85134800;72500000;95624000;8485738.34;0.1;223-ФЗ;85134800;;Закупка завершена;2;1;1;71900000;"АО ""КСМЗ""";допущен;71050000;"ООО ""КМЗ""";не допущен;;;;;;;;;;;;;"ФЕДЕРАЛЬНОЕ ГОСУДАРСТВЕННОЕ УНИТАРНОЕ ПРЕДПРИЯТИЕ ""РОСМОРПОРТ"" ";"АО ""КСМЗ""";5.77024E+22;;178/ОПЭД-23 ;71900000;14.04.2023;13.04.2024;600000;0.01;223-ФЗ;;5;7;5;0.0083;;;;;;;;;;;;;;;;;;;;;;;;;;;;;;;;;;;;;;;;;;;;;;;;;;;;;;;;
32312031225;13.01.2023;223-ФЗ;Запрос цен;Запрос цен ( ЦА 01-23) по выбору организации на право заключения договора на поставку автомобильно-пассажирского парома для нужд ФГУП «Росморпорт»;"ФЕДЕРАЛЬНОЕ ГОСУДАРСТВЕННОЕ УНИТАРНОЕ ПРЕДПРИЯТИЕ ""РОСМОРПОРТ""";1;анализ рынка ст.4 223-ФЗ ;510056368;510056368;12.01.2023;6;6;518980000;664294400;623665680;693357280;516755800;510083200;;;;;587856060;510083200;693357280;82587447.59;0.14;223-ФЗ;587856060;;;2;1;1;507765422;0;;504152000;;;;;;;;;;;;;;;"ФЕДЕРАЛЬНОЕ ГОСУДАРСТВЕННОЕ УНИТАРНОЕ ПРЕДПРИЯТИЕ ""РОСМОРПОРТ"" ";Сведения отсутствуют;Сведения отсутствуют;;Сведения отсутствуют;507765422;;;2290946;0;223-ФЗ;;6;9;6;0.0045;;;;;;;;;;;;;;;;;;;;;;;;;;;;;;;;;;;;;;;;;;;;;;;;;;;;;;;;
32312023607;11.01.2023;223-ФЗ;Запрос котировок в электронной форме;Запрос котировок в электронной форме ( ЦА 62-22) по выбору организации на право заключения договора на выполнение работ по проектированию и строительству судна обеспечения работы земснаряда для Астраханского филиала ФГУП «Росморпорт»;"ФЕДЕРАЛЬНОЕ ГОСУДАРСТВЕННОЕ УНИТАРНОЕ ПРЕДПРИЯТИЕ ""РОСМОРПОРТ""";1;анализ рынка ст.4 223-ФЗ ;325000000;325000000;;5;5;325000000;339699000;350000000;369622000;462000000;;;;;;369264200;325000000;462000000;54324456.92;0.15;223-ФЗ;369264200;;;4;1;3;269000000;ООО «СК «Р-Флот»;не допущен;315000000;ООО «Завод металлоконструкций»;не допущен;280415000;ООО «Городецкий судоремонтный механический завод»;не допущен;290000000;"ООО ""Стройлидерплюс""";допущен;;;;;;;"ФГУП ""РОСМОРПОРТ"" ";;5.77024E+22;;155/ОПЭД-23 ;288950000;27.03.2023;27.09.2024;36050000;0.11;223-ФЗ;;7;10;7;0.1109;;;;;;;;;;;;;;;;;;;;;;;;;;;;;;;;;;;;;;;;;;;;;;;;;;;;;;;;
32211982691;22.12.2022;223-ФЗ;Запрос котировок в электронной форме;Запрос котировок в электронной форме ( ЦА 86-22) по выбору организации на право заключения договора на поставку автомобильно-пассажирского парома для нужд ФГУП «Росморпорт»;"ФЕДЕРАЛЬНОЕ ГОСУДАРСТВЕННОЕ УНИТАРНОЕ ПРЕДПРИЯТИЕ ""РОСМОРПОРТ""";1;анализ рынка ст.4 223-ФЗ ;513372300;513372300;21.12.2022;4;4;7000000;8960000;8412000;9352000;;;;;;;8431000;7000000;9352000;1028948.33;0.12;223-ФЗ;8431000;;;0;0;0;не подано предложений;не подано предложений;не подано предложений;не подано предложений;не подано предложений;не подано предложений;не подано предложений;не подано предложений;не подано предложений;не подано предложений;не подано предложений;не подано предложений;не подано предложений;не подано предложений;не подано предложений;не подано предложений;не подано предложений;не подано предложений;не подано предложений;не подано предложений;не подано предложений;не подано предложений;не подано предложений;;;;0;0;223-ФЗ;;8;11;-;;;;;;;;;;;;;;;;;;;;;;;;;;;;;;;;;;;;;;;;;;;;;;;;;;;;;;;;;
3.193E+17;25.11.2022;44-ФЗ;Электронный аукцион;Поставка судна на воздушной подушке;"МУНИЦИПАЛЬНОЕ КАЗЕННОЕ УЧРЕЖДЕНИЕ ""УПРАВЛЕНИЕ МУНИЦИПАЛЬНЫХ ЗАКУПОК""";1;анализ рынка ст.22 44-ФЗ ;14119000;14119000;11.10.2022;3;3;14194000;14118000;14045000;;;;;;;;14119000;14045000;14194000;74505.03;0.01;44-ФЗ;14119000;;Исполнение;1;1;0;14119000;"ОБЩЕСТВО С ОГРАНИЧЕННОЙ ОТВЕТСТВЕННОСТЬЮ ""ФЛОТ-С""";;;;;;;;;;;;;;;;;"МУНИЦИПАЛЬНОЕ КАЗЕННОЕ УЧРЕЖДЕНИЕ ""УПРАВЛЕНИЕ МУНИЦИПАЛЬНЫХ ЗАКУПОК""";"ОБЩЕСТВО С ОГРАНИЧЕННОЙ ОТВЕТСТВЕННОСТЬЮ ""ФЛОТ-С""";85659050;32457071269 22 000102;220854;14119000;19.12.2022;31.08.2023 ;0;0;44-ФЗ;;9;12;9;0;;;;;;;;;;;;;;;;;;;;;;;;;;;;;;;;;;;;;;;;;;;;;;;;;;;;;;;;
3.421E+17;16.11.2022;44-ФЗ;Электронный аукцион;Поставка судна на воздушной подушке с прицепом и оборудованием;СРЕДНЕВОЛЖСКОЕ ЛИНЕЙНОЕ УПРАВЛЕНИЕ МИНИСТЕРСТВА ВНУТРЕННИХ ДЕЛ РОССИЙСКОЙ ФЕДЕРАЦИИ НА ТРАНСПОРТЕ;1;анализ рынка ст.22 44-ФЗ ;13014000;13014000;;3;3;13009000;13014000;13019000;;;;;;;;13014000;13009000;13019000;5000;0;44-ФЗ;13014000;;Исполнение завершено;1;1;0;13014000;"ОБЩЕСТВО С ОГРАНИЧЕННОЙ ОТВЕТСТВЕННОСТЬЮ ""АМФИБИЙНАЯ ТЕХНИКА""";;;;;;;;;;;;;;;;;СРЕДНЕВОЛЖСКОЕ ЛИНЕЙНОЕ УПРАВЛЕНИЕ МИНИСТЕРСТВА ВНУТРЕННИХ ДЕЛ РОССИЙСКОЙ ФЕДЕРАЦИИ НА ТРАНСПОРТЕ;"ОБЩЕСТВО С ОГРАНИЧЕННОЙ ОТВЕТСТВЕННОСТЬЮ ""АМФИБИЙНАЯ ТЕХНИКА""";85007194;16317021642 22 000033;3.42E+17;13014000;06.12.2022;31.12.2022;0;0;44-ФЗ;;10;13;10;0;;;;;;;;;;;;;;;;;;;;;;;;;;;;;;;;;;;;;;;;;;;;;;;;;;;;;;;;
5.721E+17;11.11.2022;44-ФЗ;Электронный аукцион;Строительство головного гидрографического лоцмейстерского судна ледового класса Arc7;"ГК ""РОСАТОМ"", ФГУП «Гидрографическое предприятие» ";1;расчетный;7067180000;7067180000;;0;0;;;;;;;;;;;0;0;0;;;44-ФЗ;0;;Контракт заключен;1;0;0;;;;;;;;;;;;;;;;;;;"ГК ""РОСАТОМ""";"АО ""РУСАТОМ АСУ""";5.721E+21;1.77064E+18; 775/1875-Д;7067180000;27.12.2022;;0;0;44-ФЗ;;11;15;11;0;;;;;;;;;;;;;;;;;;;;;;;;;;;;;;;;;;;;;;;;;;;;;;;;;;;;;;;;
32211827029;08.11.2022;223-ФЗ;Открытый конкурс;выполнение работ по строительству судна специального назначения для нужд ФГБУ «АМП Западной Арктики»;"ФЕДЕРАЛЬНОЕ ГОСУДАРСТВЕННОЕ БЮДЖЕТНОЕ УЧРЕЖДЕНИЕ ""АДМИНИСТРАЦИЯ МОРСКИХ ПОРТОВ ЗАПАДНОЙ АРКТИКИ""";1;анализ рынка ст.4 223-ФЗ ;342855000;342855000;;3;3;339500000;340565000;348500000;;;;;;;;342855000;339500000;348500000;4917629;0.01;223-ФЗ;342855000;;;1;1;0;339000000;"ООО ""Озерная Верфь""";;;;;;;;;;;;;;;;;;"ООО ""Озерная Верфь""";Сведения отсутствуют;;;339500000;;;3355000;0.01;223-ФЗ;;12;16;12;0.0098;;;;;;;;;;;;;;;;;;;;;;;;;;;;;;;;;;;;;;;;;;;;;;;;;;;;;;;;
8.282E+17;01.11.2022;44-ФЗ;Запрос котировок в электронной форме;Поставка маломерного моторного судна и лодки гребной для обеспечения нужд государственного казенного учреждения Владимирской области «Служба гражданской обороны, пожарной безопасности, защиты населения и территорий от чрезвычайных ситуаций Владимирской области»;"ГОСУДАРСТВЕННОЕ КАЗЕННОЕ УЧРЕЖДЕНИЕ ВЛАДИМИРСКОЙ ОБЛАСТИ ""СЛУЖБА ГРАЖДАНСКОЙ ОБОРОНЫ, ПОЖАРНОЙ БЕЗОПАСНОСТИ, ЗАЩИТЫ НАСЕЛЕНИЯ И ТЕРРИТОРИЙ ОТ ЧРЕЗВЫЧАЙНЫХ СИТУАЦИЙ ВЛАДИМИРСКОЙ ОБЛАСТИ""";2;анализ рынка ст.22 44-ФЗ ;971667;485833.33;;3;3;955000;980000;980000;;;;;;;;971666.67;955000;980000;14433.76;0.01;44-ФЗ;971666.67;971667;Исполнение завершено;2;2;0;960000;"ОБЩЕСТВО С ОГРАНИЧЕННОЙ ОТВЕТСТВЕННОСТЬЮ ""ВОЛНА""";;971600;0;;;;;;;;;;;;;;"ГОСУДАРСТВЕННОЕ КАЗЕННОЕ УЧРЕЖДЕНИЕ ВЛАДИМИРСКОЙ ОБЛАСТИ ""СЛУЖБА ГРАЖДАНСКОЙ ОБОРОНЫ, ПОЖАРНОЙ БЕЗОПАСНОСТИ, ЗАЩИТЫ НАСЕЛЕНИЯ И ТЕРРИТОРИЙ ОТ ЧРЕЗВЫЧАЙНЫХ СИТУАЦИЙ ВЛАДИМИРСКОЙ ОБЛАСТИ""";"ОБЩЕСТВО С ОГРАНИЧЕННОЙ ОТВЕТСТВЕННОСТЬЮ ""ВОЛНА""";84251658;23328480152 22 000059;0828200001822000016_274388;960000;17.11.2022;31.01.2023;11666.66;0.01;44-ФЗ;;13;17;13;0.012;;;;;;;;;;;;;;;;;;;;;;;;;;;;;;;;;;;;;;;;;;;;;;;;;;;;;;;;
1.872E+17;27.10.2022;44-ФЗ;Электронный аукцион;Поставка судна;ДЕПАРТАМЕНТ ГОСУДАРСТВЕННОГО ЗАКАЗА ХАНТЫ-МАНСИЙСКОГО АВТОНОМНОГО ОКРУГА - ЮГРЫ;1;анализ рынка ст.22 44-ФЗ ;540000;540000;14.09.2022;3;3;540000;520000;560000;;;;;;;;540000;520000;560000;20000;0.04;44-ФЗ;540000;;закупка признана несостоявшейся ;0;0;0;не подано предложений;не подано предложений;не подано предложений;не подано предложений;не подано предложений;не подано предложений;не подано предложений;не подано предложений;не подано предложений;;;;;;;;;;ДЕПАРТАМЕНТ ГОСУДАРСТВЕННОГО ЗАКАЗА ХАНТЫ-МАНСИЙСКОГО АВТОНОМНОГО ОКРУГА - ЮГРЫ;;;;;;;;0;0;44-ФЗ;;14;18;-;;;;;;;;;;;;;;;;;;;;;;;;;;;;;;;;;;;;;;;;;;;;;;;;;;;;;;;;;
3.193E+17;26.10.2022;44-ФЗ;Электронный аукцион;Поставка маломерного судна с подвесными моторами (среди СМП и СОНО);УПРАВЛЕНИЕ МУНИЦИПАЛЬНОГО ЗАКАЗА И ПОТРЕБИТЕЛЬСКОГО РЫНКА АДМИНИСТРАЦИИ ТАЙМЫРСКОГО ДОЛГАНО-НЕНЕЦКОГО МУНИЦИПАЛЬНОГО РАЙОНА;1;анализ рынка ст.22 44-ФЗ ;15925833;15925833.33;10.10.2022;3;3;15980000;16100000;15697500;;;;;;;;15925833.33;15697500;16100000;206644.82;0.01;44-ФЗ;15925833.33;;Исполнение завершено;2;1;1;15440000;ПРУДНИКОВ АНДРЕЙ МИХАЙЛОВИЧ ;;15360370.83;0;;;;;;;;;;;;;;УПРАВЛЕНИЕ МУНИЦИПАЛЬНОГО ЗАКАЗА И ПОТРЕБИТЕЛЬСКОГО РЫНКА АДМИНИСТРАЦИИ ТАЙМЫРСКОГО ДОЛГАНО-НЕНЕЦКОГО МУНИЦИПАЛЬНОГО РАЙОНА;ПРУДНИКОВ АНДРЕЙ МИХАЙЛОВИЧ ;84352466;38401011445 22 000064;МК-91/22;15440000;21.11.2022;31.12.2022;485833.33;0.03;44-ФЗ;;15;19;15;0.0305;;;;;;;;;;;;;;;;;;;;;;;;;;;;;;;;;;;;;;;;;;;;;;;;;;;;;;;;
3.722E+17;12.10.2022;44-ФЗ;Электронный аукцион;Поставка продукции судостроительной промышленности – судна особой конструкции на воздушной подушке с прицепом и оборудованием для обеспечения деятельности санкт-петербургского государственного казенного учреждения «Поисково-спасательная служба Санкт-Петербурга»;"САНКТ-ПЕТЕРБУРГСКОЕ ГОСУДАРСТВЕННОЕ КАЗЕННОЕ УЧРЕЖДЕНИЕ ""ПОИСКОВО-СПАСАТЕЛЬНАЯ СЛУЖБА САНКТ-ПЕТЕРБУРГА""";1;анализ рынка ст.22 44-ФЗ ;13199500;13199500;;3;3;12881000;14117500;12600000;;;;;;;;13199500;12600000;14117500;807330.94;0.06;44-ФЗ;13199500;;Определение поставщика завершено;1;1;0;13199500;"ОБЩЕСТВО С ОГРАНИЧЕННОЙ ОТВЕТСТВЕННОСТЬЮ ""АМФИБИЙНАЯ ТЕХНИКА""";;;;;;;;;;;;;;;;;"САНКТ-ПЕТЕРБУРГСКОЕ ГОСУДАРСТВЕННОЕ КАЗЕННОЕ УЧРЕЖДЕНИЕ ""ПОИСКОВО-СПАСАТЕЛЬНАЯ СЛУЖБА САНКТ-ПЕТЕРБУРГА""";"ОБЩЕСТВО С ОГРАНИЧЕННОЙ ОТВЕТСТВЕННОСТЬЮ ""АМФИБИЙНАЯ ТЕХНИКА""";83901721;27805481814 22 000116;106;13199500;07.11.2022;31.12.2022;0;0;44-ФЗ;;16;20;16;0;;;;;;;;;;;;;;;;;;;;;;;;;;;;;;;;;;;;;;;;;;;;;;;;;;;;;;;;
8.602E+17;12.10.2022;44-ФЗ;Электронный аукцион;Поставка маломерного судна для производства поисково-спасательных и водолазных работ;"ГОСУДАРСТВЕННОЕ КАЗЕННОЕ УЧРЕЖДЕНИЕ САРАТОВСКОЙ ОБЛАСТИ ""ГОСУДАРСТВЕННОЕ АГЕНТСТВО ПО ЦЕНТРАЛИЗАЦИИ ЗАКУПОК""";1;анализ рынка ст.22 44-ФЗ ;37400000;37400000;;3;3;40084000;34716000;37400000;;;;;;;;37400000;34716000;40084000;2684000;0.07;44-ФЗ;37400000;;Исполнение завершено;1;1;0;37400000;"ОБЩЕСТВО С ОГРАНИЧЕННОЙ ОТВЕТСТВЕННОСТЬЮ ""АВАНГАРД""";;;;;;;;;;;;;;;;;"ГОСУДАРСТВЕННОЕ КАЗЕННОЕ УЧРЕЖДЕНИЕ САРАТОВСКОЙ ОБЛАСТИ ""ГОСУДАРСТВЕННОЕ АГЕНТСТВО ПО ЦЕНТРАЛИЗАЦИИ ЗАКУПОК""";"ОБЩЕСТВО С ОГРАНИЧЕННОЙ ОТВЕТСТВЕННОСТЬЮ ""АВАНГАРД""";83720943;26454060330 22 000046;0860200000822006663_69548;37400000;01.11.2022;30.12.2022;0;0;44-ФЗ;;17;21;17;0;;;;;;;;;;;;;;;;;;;;;;;;;;;;;;;;;;;;;;;;;;;;;;;;;;;;;;;;
8.602E+17;07.10.2022;44-ФЗ;Электронный аукцион;Поставка многокорпусного маломерного судна для производства водолазных работ;"ГОСУДАРСТВЕННОЕ КАЗЕННОЕ УЧРЕЖДЕНИЕ САРАТОВСКОЙ ОБЛАСТИ ""ГОСУДАРСТВЕННОЕ АГЕНТСТВО ПО ЦЕНТРАЛИЗАЦИИ ЗАКУПОК""";1;анализ рынка ст.22 44-ФЗ ;7116000;7116000;;3;3;7116000;6800000;7432000;;;;;;;;7116000;6800000;7432000;316000;0.04;44-ФЗ;7116000;;Исполнение завершено;3;3;0;4234020;"ОБЩЕСТВО С ОГРАНИЧЕННОЙ ОТВЕТСТВЕННОСТЬЮ ""СУДОСТРОИТЕЛЬНАЯ ВЕРФЬ ""РПР""";;4269600;0;;5337000;0;;;;;;;;;;;"ГОСУДАРСТВЕННОЕ КАЗЕННОЕ УЧРЕЖДЕНИЕ САРАТОВСКОЙ ОБЛАСТИ ""ГОСУДАРСТВЕННОЕ АГЕНТСТВО ПО ЦЕНТРАЛИЗАЦИИ ЗАКУПОК""";"ОБЩЕСТВО С ОГРАНИЧЕННОЙ ОТВЕТСТВЕННОСТЬЮ ""СУДОСТРОИТЕЛЬНАЯ ВЕРФЬ ""РПР""";83655877;26454060330 22 000047;0860200000822006619_69548;4234020;31.10.2022;30.04.2023;2881980;0.41;44-ФЗ;;18;23;18;0.405;;;;;;;;;;;;;;;;;;;;;;;;;;;;;;;;;;;;;;;;;;;;;;;;;;;;;;;;
3.731E+17;28.09.2022;44-ФЗ;Открытый конкурс в электронной форме;Строительство многофункциональных аварийно-спасательных судов ледового  класса. Многофункциональное аварийно-спасательное судно мощностью 7 МВт. Проект MPSV06M;"ФЕДЕРАЛЬНОЕ КАЗЕННОЕ УЧРЕЖДЕНИЕ ""ДИРЕКЦИЯ ГОСУДАРСТВЕННОГО ЗАКАЗЧИКА ПРОГРАММ РАЗВИТИЯ МОРСКОГО ТРАНСПОРТА""";2;анализ рынка ст.22 44-ФЗ ;7463133100;3731566550;;3;3;10735845223;12400000000;11165083000;;;;;;;;11433642741;10735845223;12400000000;863971082.3;0.08;44-ФЗ;11433642741;7463133100;;2;2;0;7463132100;;;7463133000;;;;;;;;;;;;;;;"ФЕДЕРАЛЬНОЕ КАЗЕННОЕ УЧРЕЖДЕНИЕ ""ДИРЕКЦИЯ ГОСУДАРСТВЕННОГО ЗАКАЗЧИКА ПРОГРАММ РАЗВИТИЯ МОРСКОГО ТРАНСПОРТА""";"АКЦИОНЕРНОЕ ОБЩЕСТВО ""ПРИБАЛТИЙСКИЙ СУДОСТРОИТЕЛЬНЫЙ ЗАВОД ""ЯНТАРЬ""";3.73E+21;1.77E+18;КИ-356-2022;7463132100;29.11.2022;28.01.2025;1000;0;44-ФЗ;;19;26;19;0;;4006;Анадырь;45070;;;;;;;;;;;;;;;;;;;;;;;;;;;;;;;;;;;;;;;;;;;;;;;;;;;;
3.731E+17;26.09.2022;44-ФЗ;Открытый конкурс в электронной форме;Выполнение работ по строительству научно-исследовательского судна проекта ТСК.550;"ФЕДЕРАЛЬНОЕ ГОСУДАРСТВЕННОЕ БЮДЖЕТНОЕ НАУЧНОЕ УЧРЕЖДЕНИЕ ""ВСЕРОССИЙСКИЙ НАУЧНО-ИССЛЕДОВАТЕЛЬСКИЙ ИНСТИТУТ РЫБНОГО ХОЗЯЙСТВА И ОКЕАНОГРАФИИ""";1;анализ рынка ст.22 44-ФЗ ;489372100;489372100;;3;3;488000000;497000000;490000000;;;;;;;;491666666.7;488000000;497000000;4725815.63;0.01;44-ФЗ;491666666.7;489372100;;3;1;2;489372100;"АО ""ОНЕЖСКИЙ СУДОСТРОИТЕЛЬНО-СУДОРЕМОНТНЫЙ ЗАВОД""";;;;;;;;;;;;;;;;;"ФЕДЕРАЛЬНОЕ ГОСУДАРСТВЕННОЕ БЮДЖЕТНОЕ НАУЧНОЕ УЧРЕЖДЕНИЕ ""ВСЕРОССИЙСКИЙ НАУЧНО-ИССЛЕДОВАТЕЛЬСКИЙ ИНСТИТУТ РЫБНОГО ХОЗЯЙСТВА И ОКЕАНОГРАФИИ""";"АКЦИОНЕРНОЕ ОБЩЕСТВО ""ОНЕЖСКИЙ СУДОСТРОИТЕЛЬНО-СУДОРЕМОНТНЫЙ ЗАВОД""";3.73E+21;17708245723 22 000913;;489372100;25.10.2022;05.02.2025;0;0;44-ФЗ;;20;28;20;0;;;;;;;;;;;;;;;;;;;;;;;;;;;;;;;;;;;;;;;;;;;;;;;;;;;;;;;;
32211659411;31.08.2022;223-ФЗ;Запрос котировок в электронной форме;Запрос котировок в электронной форме ( ЦА 45-22) по выбору организации на право заключения договора на выполнение работ по проектированию и строительству многофункционального накатного судна для нужд ФГУП «Росморпорт»;"ФЕДЕРАЛЬНОЕ ГОСУДАРСТВЕННОЕ УНИТАРНОЕ ПРЕДПРИЯТИЕ ""РОСМОРПОРТ""";1;анализ рынка ст.4 223-ФЗ ;176500000;176500000;17.08.2022;2;2;176500000;180000000;;;;;;;;;178250000;176500000;180000000;2474873.73;;223-ФЗ;178250000;;;1;1;0;176500000;"ООО ""Рекламика""";;;;;;;;;;;;;;;;;"ФЕДЕРАЛЬНОЕ ГОСУДАРСТВЕННОЕ УНИТАРНОЕ ПРЕДПРИЯТИЕ ""РОСМОРПОРТ""";;;;3/ОПЭД-23;176500000;12.01.2023;26.12.2023;0;0;223-ФЗ;;21;29;21;0;;;;;;;;;;;;;;;;;;;;;;;;;;;;;;;;;;;;;;;;;;;;;;;;;;;;;;;;
3.731E+17;25.08.2022;44-ФЗ;Открытый конкурс в электронной форме;Выполнение работ по строительству научно-исследовательского судна проекта ТСК.550;"ФЕДЕРАЛЬНОЕ ГОСУДАРСТВЕННОЕ БЮДЖЕТНОЕ НАУЧНОЕ УЧРЕЖДЕНИЕ ""ВСЕРОССИЙСКИЙ НАУЧНО-ИССЛЕДОВАТЕЛЬСКИЙ ИНСТИТУТ РЫБНОГО ХОЗЯЙСТВА И ОКЕАНОГРАФИИ""";1;анализ рынка ст.22 44-ФЗ ;489372100;489372100;;3;3;488000000;497000000;490000000;;;;;;;;491666666.7;488000000;497000000;4725815.63;0.01;44-ФЗ;491666666.7;489372100;;0;0;0;не подано предложений;;;;;;;;;;;;;;;;;;"ФЕДЕРАЛЬНОЕ ГОСУДАРСТВЕННОЕ БЮДЖЕТНОЕ НАУЧНОЕ УЧРЕЖДЕНИЕ ""ВСЕРОССИЙСКИЙ НАУЧНО-ИССЛЕДОВАТЕЛЬСКИЙ ИНСТИТУТ РЫБНОГО ХОЗЯЙСТВА И ОКЕАНОГРАФИИ""";;;;;;;;0;0;44-ФЗ;;22;30;-;;;;;;;;;;;;;;;;;;;;;;;;;;;;;;;;;;;;;;;;;;;;;;;;;;;;;;;;;
3.181E+17;25.07.2022;44-ФЗ;Электронный аукцион;Приобретение судна маломерного;"ФЕДЕРАЛЬНОЕ ГОСУДАРСТВЕННОЕ БЮДЖЕТНОЕ УЧРЕЖДЕНИЕ ""ТРЕНИРОВОЧНЫЙ ЦЕНТР СПОРТИВНОЙ ПОДГОТОВКИ СБОРНЫХ КОМАНД РОССИИ ""КРЫМСКИЙ""";1;анализ рынка ст.22 44-ФЗ ;3492650;3492650;;3;3;3150840;3492650;3834460;;;;;;;;3492650;3150840;3834460;341810;0.1;44-ФЗ;3492650;;Исполнение завершено;2;2;0;3299553.5;Загорская М. В.;;3317016.75;0;;;;;;;;;;;;;;"ФЕДЕРАЛЬНОЕ ГОСУДАРСТВЕННОЕ БЮДЖЕТНОЕ УЧРЕЖДЕНИЕ ""ТРЕНИРОВОЧНЫЙ ЦЕНТР СПОРТИВНОЙ ПОДГОТОВКИ СБОРНЫХ КОМАНД РОССИИ ""КРЫМСКИЙ""";Загорская М. В.;81717149;12319055992 22 000067;22-231/ЭА;3299554;16.08.2022;31.12.2022;193096.5;0.06;44-ФЗ;;23;32;23;0.0553;;;;;;;;;;;;;;;;;;;;;;;;;;;;;;;;;;;;;;;;;;;;;;;;;;;;;;;;
32211569555;22.07.2022;223-ФЗ;Запрос котировок в электронной форме;выполнение работ по проектированию и строительству многофункционального накатного судна для нужд ФГУП «Росморпорт» (ЦА 21-22);"ФЕДЕРАЛЬНОЕ ГОСУДАРСТВЕННОЕ УНИТАРНОЕ ПРЕДПРИЯТИЕ ""РОСМОРПОРТ""";1;анализ рынка ст.4 223-ФЗ ;180000000;180000000;14.04.2022;1;1;180000000;;;;;;;;;;180000000;180000000;180000000;0;;223-ФЗ;180000000;;Комментарий;1;1;0;176500000;"ООО ""Рекламика""";;;;;;;;;;;;;;;;;"ФЕДЕРАЛЬНОЕ ГОСУДАРСТВЕННОЕ УНИТАРНОЕ ПРЕДПРИЯТИЕ ""РОСМОРПОРТ""";;не заключен;не заключен;не заключен;;;;0;0;223-ФЗ;;24;33;-;;;;;;;;;;;;;;;;;;;;;;;;;;;;;;;;;;;;;;;;;;;;;;;;;;;;;;;;;
3.731E+17;13.07.2022;44-ФЗ;Открытый конкурс в электронной форме;Выполнение работ по строительству научно-исследовательского судна проекта ТСК.550;"ФЕДЕРАЛЬНОЕ ГОСУДАРСТВЕННОЕ БЮДЖЕТНОЕ НАУЧНОЕ УЧРЕЖДЕНИЕ ""ВСЕРОССИЙСКИЙ НАУЧНО-ИССЛЕДОВАТЕЛЬСКИЙ ИНСТИТУТ РЫБНОГО ХОЗЯЙСТВА И ОКЕАНОГРАФИИ""";1;анализ рынка ст.22 44-ФЗ ;489372100;489372100;;3;3;488000000;497000000;490000000;;;;;;;;491666666.7;488000000;497000000;4725815.63;0.01;44-ФЗ;491666666.7;489372100;;1;0;1;;;;;;;;;;;;;;;;;;;"ФЕДЕРАЛЬНОЕ ГОСУДАРСТВЕННОЕ БЮДЖЕТНОЕ НАУЧНОЕ УЧРЕЖДЕНИЕ ""ВСЕРОССИЙСКИЙ НАУЧНО-ИССЛЕДОВАТЕЛЬСКИЙ ИНСТИТУТ РЫБНОГО ХОЗЯЙСТВА И ОКЕАНОГРАФИИ""";;;;;;;;0;0;44-ФЗ;;25;37;-;;;;;;;;;;;;;;;;;;;;;;;;;;;;;;;;;;;;;;;;;;;;;;;;;;;;;;;;;
3.341E+17;29.06.2022;44-ФЗ;Электронный аукцион;Поставка многоцелевого маломерного судна на воздушной подушке;"ФЕДЕРАЛЬНОЕ ГОСУДАРСТВЕННОЕ БЮДЖЕТНОЕ УЧРЕЖДЕНИЕ ""ОБЪЕДИНЕННАЯ ДИРЕКЦИЯ ГОСУДАРСТВЕННОГО ПРИРОДНОГО ЗАПОВЕДНИКА ""БАЙКАЛО-ЛЕНСКИЙ"" И ПРИБАЙКАЛЬСКОГО НАЦИОНАЛЬНОГО ПАРКА""";1;анализ рынка ст.22 44-ФЗ ;9675400;9675400;;3;3;9781200;9319000;9926000;;;;;;;;9675400;9319000;9926000;317029.15;0.03;44-ФЗ;9675400;;Исполнение завершено;1;1;0;9675400;"ОБЩЕСТВО С ОГРАНИЧЕННОЙ ОТВЕТСТВЕННОСТЬЮ ""ГАЛС";;;;;;;;;;;;;;;;;"ФЕДЕРАЛЬНОЕ ГОСУДАРСТВЕННОЕ БЮДЖЕТНОЕ УЧРЕЖДЕНИЕ ""ОБЪЕДИНЕННАЯ ДИРЕКЦИЯ ГОСУДАРСТВЕННОГО ПРИРОДНОГО ЗАПОВЕДНИКА ""БАЙКАЛО-ЛЕНСКИЙ"" И ПРИБАЙКАЛЬСКОГО НАЦИОНАЛЬНОГО ПАРКА""";"ОБЩЕСТВО С ОГРАНИЧЕННОЙ ОТВЕТСТВЕННОСТЬЮ ""ГАЛС";81065022;13811176554 22 000014;авг.22;9675400;18.07.2022;11.10.2022;0;0;44-ФЗ;;26;39;26;0.005;;;;;;;;;;;;;;;;;;;;;;;;;;;;;;;;;;;;;;;;;;;;;;;;;;;;;;;;
3.181E+17;20.06.2022;44-ФЗ;Электронный аукцион;Приобретение судна маломерного;"ФЕДЕРАЛЬНОЕ ГОСУДАРСТВЕННОЕ БЮДЖЕТНОЕ УЧРЕЖДЕНИЕ ""ТРЕНИРОВОЧНЫЙ ЦЕНТР СПОРТИВНОЙ ПОДГОТОВКИ СБОРНЫХ КОМАНД РОССИИ ""КРЫМСКИЙ""";1;анализ рынка ст.22 44-ФЗ ;3834820;3834820;;3;3;4260000;3410000;3834460;;;;;;;;3834820;3410000;4260000;425000.11;0.11;44-ФЗ;3834820;;электронный аукцион признан несостоявшимся;0;0;0;не подано предложений;;;;;;;;;;;;;;;;;;"ФЕДЕРАЛЬНОЕ ГОСУДАРСТВЕННОЕ БЮДЖЕТНОЕ УЧРЕЖДЕНИЕ ""ТРЕНИРОВОЧНЫЙ ЦЕНТР СПОРТИВНОЙ ПОДГОТОВКИ СБОРНЫХ КОМАНД РОССИИ ""КРЫМСКИЙ""";;;;;;;;0;0;44-ФЗ;;27;40;-;;;;;;;;;;;;;;;;;;;;;;;;;;;;;;;;;;;;;;;;;;;;;;;;;;;;;;;;;
1.672E+17;07.06.2022;44-ФЗ;Электронный аукцион;Поставка судна прогулочного и спортивного;УПРАВЛЕНИЕ ГОСУДАРСТВЕННЫХ ЗАКУПОК ТЮМЕНСКОЙ ОБЛАСТИ;1;анализ рынка ст.22 44-ФЗ ;95590;95590;17.05.2022;3;3;95590;100385;105130;;;;;;;;100368.33;95590;105130;4770.02;0.05;44-ФЗ;100368.33;;Исполнение завершено;2;2;0;91288.45;"ОБЩЕСТВО С ОГРАНИЧЕННОЙ ОТВЕТСТВЕННОСТЬЮ ""УРАЛ ТРЕЙД""";;91766.4;0;;;;;;;;;;;;;;УПРАВЛЕНИЕ ГОСУДАРСТВЕННЫХ ЗАКУПОК ТЮМЕНСКОЙ ОБЛАСТИ;"ОБЩЕСТВО С ОГРАНИЧЕННОЙ ОТВЕТСТВЕННОСТЬЮ ""УРАЛ ТРЕЙД""";80682349;27203530831 22 000028;44-К/22;91288;04.07.2022;30.10.2022;4301.55;0.05;44-ФЗ;;28;41;28;0.045;;;;;;;;;;;;;;;;;;;;;;;;;;;;;;;;;;;;;;;;;;;;;;;;;;;;;;;;
1.282E+17;06.05.2022;44-ФЗ;Электронный аукцион;Поставка многоцелевого судна на воздушной подушке для нужд государственного казенного учреждения Владимирской области «Служба гражданской обороны, пожарной безопасности, защиты населения и территорий от чрезвычайных ситуаций Владимирской области»;ДЕПАРТАМЕНТ ИМУЩЕСТВЕННЫХ И ЗЕМЕЛЬНЫХ ОТНОШЕНИЙ ВЛАДИМИРСКОЙ ОБЛАСТИ;1;анализ рынка ст.22 44-ФЗ ;11645333;11645333.33;;3;3;11543000;11750000;11643000;;;;;;;;11645333.33;11543000;11750000;103519.72;0.01;44-ФЗ;11645333.33;11645333;Исполнение завершено;2;1;1;11528879.99;"ОБЩЕСТВО С ОГРАНИЧЕННОЙ ОТВЕТСТВЕННОСТЬЮ ""АМФИБИЙНАЯ ТЕХНИКА""";;11587106.66;0;;;;;;;;;;;;;;ДЕПАРТАМЕНТ ИМУЩЕСТВЕННЫХ И ЗЕМЕЛЬНЫХ ОТНОШЕНИЙ ВЛАДИМИРСКОЙ ОБЛАСТИ;"ОБЩЕСТВО С ОГРАНИЧЕННОЙ ОТВЕТСТВЕННОСТЬЮ ""АМФИБИЙНАЯ ТЕХНИКА""";79750724;23328480152 22 000025;0128200000122002354_274388;11528880;30.05.2022;11.10.2022;116453.34;0.01;44-ФЗ;;29;43;29;0.01;;;;;;;;;;;;;;;;;;;;;;;;;;;;;;;;;;;;;;;;;;;;;;;;;;;;;;;;
3.201E+17;22.04.2022;44-ФЗ;Электронный аукцион;"Поставка маломерного судна (многофункционального катера) для нужд ФГБУ ""Земля леопарда""";"ФЕДЕРАЛЬНОЕ ГОСУДАРСТВЕННОЕ БЮДЖЕТНОЕ УЧРЕЖДЕНИЕ ""ОБЪЕДИНЕННАЯ ДИРЕКЦИЯ ГОСУДАРСТВЕННОГО ПРИРОДНОГО БИОСФЕРНОГО ЗАПОВЕДНИКА ""КЕДРОВАЯ ПАДЬ"" И НАЦИОНАЛЬНОГО ПАРКА ""ЗЕМЛЯ ЛЕОПАРДА"" ИМЕНИ Н.Н. ВОРОНЦОВА""";1;анализ рынка ст.22 44-ФЗ ;16910333;16910333.34;;3;3;16925000;16890000;16916000;;;;;;;;16910333.33;16890000;16925000;18175.07;0;44-ФЗ;16910333.33;;Исполнение завершено;2;2;0;16825781.67;"ОБЩЕСТВО С ОГРАНИЧЕННОЙ ОТВЕТСТВЕННОСТЬЮ ""КОРВЕТ""";;16825781.67;0;;;;;;;;;;;;;;"ФЕДЕРАЛЬНОЕ ГОСУДАРСТВЕННОЕ БЮДЖЕТНОЕ УЧРЕЖДЕНИЕ ""ОБЪЕДИНЕННАЯ ДИРЕКЦИЯ ГОСУДАРСТВЕННОГО ПРИРОДНОГО БИОСФЕРНОГО ЗАПОВЕДНИКА ""КЕДРОВАЯ ПАДЬ"" И НАЦИОНАЛЬНОГО ПАРКА ""ЗЕМЛЯ ЛЕОПАРДА"" ИМЕНИ Н.Н. ВОРОНЦОВА""";"ОБЩЕСТВО С ОГРАНИЧЕННОЙ ОТВЕТСТВЕННОСТЬЮ ""КОРВЕТ""";79570125;12531003388 22 000017;4А-22;16825782;23.05.2022;31.12.2022;84551.67;0.01;44-ФЗ;;30;46;30;0.005;;;;;;;;;;;;;;;;;;;;;;;;;;;;;;;;;;;;;;;;;;;;;;;;;;;;;;;;
3.381E+17;15.04.2022;44-ФЗ;Открытый конкурс в электронной форме;Приобретение служебно-разъездного судна длиной 19-20 метров;"ФЕДЕРАЛЬНОЕ ГОСУДАРСТВЕННОЕ БЮДЖЕТНОЕ УЧРЕЖДЕНИЕ ""КАМЧАТСКАЯ ДИРЕКЦИЯ ПО ТЕХНИЧЕСКОМУ ОБЕСПЕЧЕНИЮ НАДЗОРА НА МОРЕ""";1;анализ рынка ст.22 44-ФЗ ;284066700;284066700;;3;3;262200000;300000000;290000000;;;;;;;;284066666.7;262200000;300000000;19586049.46;0.07;44-ФЗ;284066666.7;;;0;0;0;не подано предложений;;;;;;;;;;;;;;;;;;"ФЕДЕРАЛЬНОЕ ГОСУДАРСТВЕННОЕ БЮДЖЕТНОЕ УЧРЕЖДЕНИЕ ""КАМЧАТСКАЯ ДИРЕКЦИЯ ПО ТЕХНИЧЕСКОМУ ОБЕСПЕЧЕНИЮ НАДЗОРА НА МОРЕ""";;2.21E+35;;;;;;0;0;44-ФЗ;;31;47;-;;;;;;;;;;;;;;;;;;;;;;;;;;;;;;;;;;;;;;;;;;;;;;;;;;;;;;;;;
32211312294;14.04.2022;223-ФЗ;Открытый конкурс;"Поставка маломерного судна для нужд ФГБУ ""АМП Западной Арктики""";"ФЕДЕРАЛЬНОЕ ГОСУДАРСТВЕННОЕ БЮДЖЕТНОЕ УЧРЕЖДЕНИЕ ""АДМИНИСТРАЦИЯ МОРСКИХ ПОРТОВ ЗАПАДНОЙ АРКТИКИ""";1;анализ рынка ст.4 223-ФЗ ;84320133;84320133.33;;3;3;84230000;84950400;83780000;;;;;;;;84320133.33;83780000;84950400;590382.97;0.01;223-ФЗ;84320133.33;;;1;1;0;80400000;"ООО ""Озерная Верфь""";;;;;;;;;;;;;;;;;"ФЕДЕРАЛЬНОЕ ГОСУДАРСТВЕННОЕ БЮДЖЕТНОЕ УЧРЕЖДЕНИЕ ""АДМИНИСТРАЦИЯ МОРСКИХ ПОРТОВ ЗАПАДНОЙ АРКТИКИ""";"ООО ""Озерная Верфь""";;32211312294;117;80400000;27.05.2022;31.07.2022;3920133.33;0.05;223-ФЗ;;32;48;32;0.0465;;;;;;;;;;;;;;;;;;;;;;;;;;;;;;;;;;;;;;;;;;;;;;;;;;;;;;;;
32211306070;12.04.2022;223-ФЗ;Открытый конкурс;Открытый конкурс ( ЦА 90-21) по выбору организации на право заключения договора на выполнение работ по строительству несамоходного фрезерного земснаряда для нужд ФГУП «Росморпорт»;"ФЕДЕРАЛЬНОЕ ГОСУДАРСТВЕННОЕ УНИТАРНОЕ ПРЕДПРИЯТИЕ ""РОСМОРПОРТ""";1;анализ рынка ст.4 223-ФЗ ;900000000;900000000;25.03.2022;3;3;1250000000;1145150000;900000000;;;;;;;;1098383333;900000000;1250000000;179625557.3;0.16;223-ФЗ;1098383333;;;1;1;0;899500000;"ООО ""Стройлидерплюс""";;;;;;;;;;;;;;;;;"ФЕДЕРАЛЬНОЕ ГОСУДАРСТВЕННОЕ УНИТАРНОЕ ПРЕДПРИЯТИЕ ""РОСМОРПОРТ""";"ООО ""Стройлидерплюс""";;;259/ОПЭД-22;899500000;30.06.2022;01.11.2023;500000;0;223-ФЗ;;33;51;33;0.0006;;;;;;;;;;;;;;;;;;;;;;;;;;;;;;;;;;;;;;;;;;;;;;;;;;;;;;;;
3.501E+17;11.04.2022;44-ФЗ;Электронный аукцион;Поставка многофункционального самоходного фрезерного земснаряда-амфибия;"ФЕДЕРАЛЬНОЕ ГОСУДАРСТВЕННОЕ БЮДЖЕТНОЕ УЧРЕЖДЕНИЕ ""НАЦИОНАЛЬНЫЙ ПАРК ""ВАЛДАЙСКИЙ""";1;анализ рынка ст.22 44-ФЗ ;87700000;87700000;11.04.2022;3;3;87000000;88200000;87900000;;;;;;;;87700000;87000000;88200000;624499.8;0.01;44-ФЗ;87700000;;;0;0;0;не подано предложений;;;;;;;;;;;;;;;;;;"ФЕДЕРАЛЬНОЕ ГОСУДАРСТВЕННОЕ БЮДЖЕТНОЕ УЧРЕЖДЕНИЕ ""НАЦИОНАЛЬНЫЙ ПАРК ""ВАЛДАЙСКИЙ""";;;;;;;;0;0;44-ФЗ;;34;52;-;;;;;;;;;;;;;;;;;;;;;;;;;;;;;;;;;;;;;;;;;;;;;;;;;;;;;;;;;
3.193E+17;28.03.2022;44-ФЗ;Электронный аукцион;Поставка судна на воздушной подушке для нужд Таймырского Долгано-Ненецкого муниципального района;УПРАВЛЕНИЕ МУНИЦИПАЛЬНОГО ЗАКАЗА И ПОТРЕБИТЕЛЬСКОГО РЫНКА АДМИНИСТРАЦИИ ТАЙМЫРСКОГО ДОЛГАНО-НЕНЕЦКОГО МУНИЦИПАЛЬНОГО РАЙОНА;1;анализ рынка ст.22 44-ФЗ ;58895000;58895000;16.02.2022;3;3;58485000;60000000;58200000;;;;;;;;58895000;58200000;60000000;967509.69;0.02;44-ФЗ;58895000;;;0;0;0;не подано предложений;;;;;;;;;;;;;;;;;;УПРАВЛЕНИЕ МУНИЦИПАЛЬНОГО ЗАКАЗА И ПОТРЕБИТЕЛЬСКОГО РЫНКА АДМИНИСТРАЦИИ ТАЙМЫРСКОГО ДОЛГАНО-НЕНЕЦКОГО МУНИЦИПАЛЬНОГО РАЙОНА;;;;;;;;0;0;44-ФЗ;;35;53;-;;;;;;;;;;;;;;;;;;;;;;;;;;;;;;;;;;;;;;;;;;;;;;;;;;;;;;;;;
1.242E+17;23.03.2022;44-ФЗ;Электронный аукцион;Поставка Маломерного судна;КОНТРАКТНОЕ АГЕНТСТВО АРХАНГЕЛЬСКОЙ ОБЛАСТИ;1;анализ рынка ст.22 44-ФЗ ;3337600;3337600;01.02.2022;3;3;3337600;3754800;3571350;;;;;;;;3554583.33;3337600;3754800;209104.76;0.06;44-ФЗ;3554583.33;3337600;закупка признана несостоявшейся ;1;0;1;3337600;0;;;;;;;;;;;;;;;;;КОНТРАКТНОЕ АГЕНТСТВО АРХАНГЕЛЬСКОЙ ОБЛАСТИ;;;;;;;;0;0;44-ФЗ;;36;56;-;;;;;;;;;;;;;;;;;;;;;;;;;;;;;;;;;;;;;;;;;;;;;;;;;;;;;;;;;
3.013E+17;23.03.2022;44-ФЗ;Электронный аукцион;Поставка амфибийного маломерного судна для поисково-спасательных мероприятий;"МУНИЦИПАЛЬНОЕ КАЗЕННОЕ УЧРЕЖДЕНИЕ ""ЦЕНТР ОРГАНИЗАЦИИ И ПРОВЕДЕНИЯ КОНКУРСНЫХ ПРОЦЕДУР"" ГОРОДСКОГО ОКРУГА ГОРОД УФА РЕСПУБЛИКИ БАШКОРТОСТАН";1;анализ рынка ст.22 44-ФЗ ;2566667;2566666.67;;3;3;2570000;2560000;2570000;;;;;;;;2566666.67;2560000;2570000;5773.5;0;44-ФЗ;2566666.67;;Исполнение завершено;2;2;0;2553833.33;"ОБЩЕСТВО С ОГРАНИЧЕННОЙ ОТВЕТСТВЕННОСТЬЮ ""СЕВЕРБОАТ""";;2566666.67;0;;;;;;;;;;;;;;"МУНИЦИПАЛЬНОЕ КАЗЕННОЕ УЧРЕЖДЕНИЕ ""ЦЕНТР ОРГАНИЗАЦИИ И ПРОВЕДЕНИЯ КОНКУРСНЫХ ПРОЦЕДУР"" ГОРОДСКОГО ОКРУГА ГОРОД УФА РЕСПУБЛИКИ БАШКОРТОСТАН";"ОБЩЕСТВО С ОГРАНИЧЕННОЙ ОТВЕТСТВЕННОСТЬЮ ""СЕВЕРБОАТ""";78738792;30276924698 22 000021;3.01E+17;2553833;15.04.2022;15.10.2022;12833.34;0.01;44-ФЗ;;37;57;37;0.005;;;;;;;;;;;;;;;;;;;;;;;;;;;;;;;;;;;;;;;;;;;;;;;;;;;;;;;;
32211164013;24.02.2022;223-ФЗ;Аукцион в электронной форме, только СМиСП;Поставка судна на воздушной подушке;"АКЦИОНЕРНОЕ ОБЩЕСТВО ""АЛМАЗЫ АНАБАРА""";1;анализ рынка ст.4 223-ФЗ ;20904000;20904000;;0;0;;;;;;;;;;;0;0;0;0;;223-ФЗ;0;;;0;0;0;не подано предложений;;;;;;;;;;;;;;;;;;"АКЦИОНЕРНОЕ ОБЩЕСТВО ""АЛМАЗЫ АНАБАРА""";;;;;;;;0;0;223-ФЗ;;38;58;-;;;;;;;;;;;;;;;;;;;;;;;;;;;;;;;;;;;;;;;;;;;;;;;;;;;;;;;;;
3.722E+17;17.02.2022;44-ФЗ;Электронный аукцион;Поставка судна особой конструкции для обеспечения деятельности Санкт-Петербургского государственного казенного учреждения «Поисково-спасательная служба Санкт-Петербурга»;"САНКТ-ПЕТЕРБУРГСКОЕ ГОСУДАРСТВЕННОЕ КАЗЕННОЕ УЧРЕЖДЕНИЕ ""ПОИСКОВО-СПАСАТЕЛЬНАЯ СЛУЖБА САНКТ-ПЕТЕРБУРГА""";1;анализ рынка ст.22 44-ФЗ ;1544077;1544076.67;;3;3;1650430;1483000;1498800;;;;;;;;1544076.67;1483000;1650430;92442.87;0.06;44-ФЗ;1544076.67;;Исполнение завершено;1;1;0;1544076.67;"ОБЩЕСТВО С ОГРАНИЧЕННОЙ ОТВЕТСТВЕННОСТЬЮ ""ПРОИЗВОДСТВЕННО-КОММЕРЧЕСКАЯ ФИРМА МНЕВ И К""";;;;;;;;;;;;;;;;;"САНКТ-ПЕТЕРБУРГСКОЕ ГОСУДАРСТВЕННОЕ КАЗЕННОЕ УЧРЕЖДЕНИЕ ""ПОИСКОВО-СПАСАТЕЛЬНАЯ СЛУЖБА САНКТ-ПЕТЕРБУРГА""";"ОБЩЕСТВО С ОГРАНИЧЕННОЙ ОТВЕТСТВЕННОСТЬЮ ""ПРОИЗВОДСТВЕННО-КОММЕРЧЕСКАЯ ФИРМА МНЕВ И К""";78371609;27805481814 22 000033;25;1544077;14.03.2022;31.12.2022;0;0;44-ФЗ;;39;59;39;0;;;;;;;;;;;;;;;;;;;;;;;;;;;;;;;;;;;;;;;;;;;;;;;;;;;;;;;;
32211114740;09.02.2022;223-ФЗ;Открытый запрос предложений;Изготовление и поставка пассажирского судна на воздушной подушке амфибийного типа для использования в коммерческих целях в количестве 2 (двух) единиц;"ОБЩЕСТВО С ОГРАНИЧЕННОЙ ОТВЕТСТВЕННОСТЬЮ ""САМАРСКОЕ РЕЧНОЕ ПАССАЖИРСКОЕ ПРЕДПРИЯТИЕ""";2;нет данных;35800000;17900000;;1;1;17900000;;;;;;;;;;17900000;17900000;17900000;0;;223-ФЗ;17900000;;данный открытый запрос предложений признается несостоявшимся;1;1;0;;"Общество с ограниченной ответственностью 
«Судоверфь Парящие машины» ";;;;;;;;;;;;;;;;;"ОБЩЕСТВО С ОГРАНИЧЕННОЙ ОТВЕТСТВЕННОСТЬЮ ""САМАРСКОЕ РЕЧНОЕ ПАССАЖИРСКОЕ ПРЕДПРИЯТИЕ""";;;;44604;35800000;28.02.2022;01.10.2022;0;0;223-ФЗ;;40;61;40;0;;;;;;;;;;;;;;;;;;;;;;;;;;;;;;;;;;;;;;;;;;;;;;;;;;;;;;;;
32211089202;01.02.2022;223-ФЗ;Открытый конкурс (до 01.07.18);Поставка маломерного судна в комплекте с транспортно-технологической тележкой;"ФЕДЕРАЛЬНОЕ ГОСУДАРСТВЕННОЕ БЮДЖЕТНОЕ УЧРЕЖДЕНИЕ ""АДМИНИСТРАЦИЯ МОРСКИХ ПОРТОВ ЗАПАДНОЙ АРКТИКИ""";1;анализ рынка ст.4 223-ФЗ ;60817500;60817500;;3;3;59094500;60188000;63170000;;;;;;;;60817500;59094500;63170000;2109414.08;0.03;223-ФЗ;60817500;;Исполнение завершено;2;1;1;53000000;"Общество с ограниченной ответсвенностю ""Кингисеппский машиност оительный завод""";;58 600 000, 00;Общество с ограниченной ответственностью «Озерная Верфь»;;;;;;;;;;;;;;"ФЕДЕРАЛЬНОЕ ГОСУДАРСТВЕННОЕ БЮДЖЕТНОЕ УЧРЕЖДЕНИЕ ""АДМИНИСТРАЦИЯ МОРСКИХ ПОРТОВ ЗАПАДНОЙ АРКТИКИ""";;;;60;58600000;10.03.2022;07.04.2022;2217500;0.04;223-ФЗ;;41;62;41;0.0365;;;;;;;;;;;;;;;;;;;;;;;;;;;;;;;;;;;;;;;;;;;;;;;;;;;;;;;;
32111001294;28.12.2021;223-ФЗ;Открытый конкурс;строительство и поставка пассажирского судна СПК «Олимпия»;"АКЦИОНЕРНОЕ ОБЩЕСТВО ""ГОСУДАРСТВЕННАЯ ТРАНСПОРТНАЯ ЛИЗИНГОВАЯ КОМПАНИЯ""";2;анализ рынка по Положению ГТЛК;1936940000;968470000;;4;4;968470000;1100000000;968470000;1144767000;;;;;;;1045426750;968470000;1144767000;90721933.45;0.09;223-ФЗ;1045426750;;Закупка признана несостоявшейся;1;0;1;;Общество с ограниченной ответственностью «Костромская верфь»;;;;;;;;;;;;;;;;;"АКЦИОНЕРНОЕ ОБЩЕСТВО ""ГОСУДАРСТВЕННАЯ ТРАНСПОРТНАЯ ЛИЗИНГОВАЯ КОМПАНИЯ""";;;;;1936940000;;;0;0;223-ФЗ;;42;63;-;;;;;;;;;;;;;;;;;;;;;;;;;;;;;;;;;;;;;;;;;;;;;;;;;;;;;;;;;
32111001508;28.12.2021;223-ФЗ;Открытый конкурс;Строительство и поставка судов СПК типа «Метеор»;"АКЦИОНЕРНОЕ ОБЩЕСТВО ""ГОСУДАРСТВЕННАЯ ТРАНСПОРТНАЯ ЛИЗИНГОВАЯ КОМПАНИЯ""";3;анализ рынка по Положению ГТЛК;1230000000;410000000;;3;3;410000000;410000000;410000000;;;;;;;;410000000;410000000;410000000;0;0;223-ФЗ;410000000;;Исполнение;1;1;0;1230000000;АО «ЦКБ по СПК им. Р.Е. Алексеева»;;;;;;;;;;;;;;;;;"АКЦИОНЕРНОЕ ОБЩЕСТВО ""ГОСУДАРСТВЕННАЯ ТРАНСПОРТНАЯ ЛИЗИНГОВАЯ КОМПАНИЯ""";АО «ЦКБ по СПК им. Р.Е. Алексеева»;;32111001508;0691/ФМП3/7;1230000000;16.02.2022; 31.12.2023;0;0;223-ФЗ;;43;65;43;0;;С-706;;;;;С-707;;44922;;;;;;;;;;;;;;;;;;;;;;;;;;;;;;;;;;;;;;;;;;;;;;;
32111001581;28.12.2021;223-ФЗ;Открытый конкурс;строительство и поставка пассажирского судна RPV 8714;"АКЦИОНЕРНОЕ ОБЩЕСТВО ""ГОСУДАРСТВЕННАЯ ТРАНСПОРТНАЯ ЛИЗИНГОВАЯ КОМПАНИЯ""";1;анализ рынка по Положению ГТЛК;1500000000;1500000000;;3;3;1600000000;1500000000;1500000000;;;;;;;;1533333333;1500000000;1600000000;57735026.92;0.04;223-ФЗ;1533333333;;Закупка признана несостоявшейся;1;0;1;1483000000;Общество с ограниченной ответственностью «Костромская верфь»;;;;;;;;;;;;;;;;;"АКЦИОНЕРНОЕ ОБЩЕСТВО ""ГОСУДАРСТВЕННАЯ ТРАНСПОРТНАЯ ЛИЗИНГОВАЯ КОМПАНИЯ""";;;32111001581;;1500000000;;;0;0;223-ФЗ;;44;66;-;;;;;;;;;;;;;;;;;;;;;;;;;;;;;;;;;;;;;;;;;;;;;;;;;;;;;;;;;
3.241E+17;23.12.2021;44-ФЗ;Электронный аукцион;Приобретение в собственность Российской Федерации недвижимого имущества (самоходного роторно-ковшевого земснаряда  с фрезерным рыхлителем) на условиях  финансовой аренды (лизинга);"ФЕДЕРАЛЬНОЕ БЮДЖЕТНОЕ УЧРЕЖДЕНИЕ ""АДМИНИСТРАЦИЯ ДВИНСКО-ПЕЧОРСКОГО БАССЕЙНА ВНУТРЕННИХ ВОДНЫХ ПУТЕЙ""";2;анализ рынка ст.22 44-ФЗ ;3535814640;1767907320;09.06.2021;3;3;3535814640;3705724200;3705724200;;;;;;;;3649087680;3535814640;3705724200;98097330.2;0.03;44-ФЗ;3649087680;;Не поданна ни одна заявка;0;0;0;не подано предложений;;;;;;;;;;;;;;;;;;"ФЕДЕРАЛЬНОЕ БЮДЖЕТНОЕ УЧРЕЖДЕНИЕ ""АДМИНИСТРАЦИЯ ДВИНСКО-ПЕЧОРСКОГО БАССЕЙНА ВНУТРЕННИХ ВОДНЫХ ПУТЕЙ""";;;;;;;;0;0;44-ФЗ;;45;67;-;;;;;;;;;;;;;;;;;;;;;;;;;;;;;;;;;;;;;;;;;;;;;;;;;;;;;;;;;
3.722E+17;26.11.2021;44-ФЗ;Электронный аукцион;Поставка продукции судостроительной промышленности – судна особой конструкции на воздушной подушке с прицепом и оборудованием для обеспечения деятельности Санкт-Петербургского государственного казенного учреждения «Поисково-спасательная служба Санкт-Петербурга».;"САНКТ-ПЕТЕРБУРГСКОЕ ГОСУДАРСТВЕННОЕ КАЗЕННОЕ УЧРЕЖДЕНИЕ ""ПОИСКОВО-СПАСАТЕЛЬНАЯ СЛУЖБА САНКТ-ПЕТЕРБУРГА""";1;анализ рынка ст.22 44-ФЗ ;10423750;10423750;;0;3;10400000;10495000;10550000;10250000;;;;;;;10423750;10250000;10550000;131363.05;0.01;44-ФЗ;10423750;;Исполнение завершено;1;1;0;10423750;"ОБЩЕСТВО С ОГРАНИЧЕННОЙ ОТВЕТСТВЕННОСТЬЮ ""АМФИБИЙНАЯ ТЕХНИКА""";;;;;;;;;;;;;;;;;"САНКТ-ПЕТЕРБУРГСКОЕ ГОСУДАРСТВЕННОЕ КАЗЕННОЕ УЧРЕЖДЕНИЕ ""ПОИСКОВО-СПАСАТЕЛЬНАЯ СЛУЖБА САНКТ-ПЕТЕРБУРГА""";"ОБЩЕСТВО С ОГРАНИЧЕННОЙ ОТВЕТСТВЕННОСТЬЮ ""АМФИБИЙНАЯ ТЕХНИКА""";74675143;27805481814 21 000130;102;10423750;21.12.2021;31.12.2021;0;0;44-ФЗ;;46;68;46;0;;;;;;;;;;;;;;;;;;;;;;;;;;;;;;;;;;;;;;;;;;;;;;;;;;;;;;;;
32110871009;26.11.2021;223-ФЗ;Открытый конкурс;строительство и поставка Несамоходного мелкосидящего земснаряда;"АКЦИОНЕРНОЕ ОБЩЕСТВО ""ГОСУДАРСТВЕННАЯ ТРАНСПОРТНАЯ ЛИЗИНГОВАЯ КОМПАНИЯ""";3;анализ рынка по Положению ГТЛК;690000000;230000000;;3;3;250000000;230000000;230000000;;;;;;;;236666666.7;230000000;250000000;11547005.38;0.05;223-ФЗ;236666666.7;;;2;1;1;690000000;Акционерное общество «Цимлянский судомеханический завод»;;572700000;Акционерное общество «Чкаловская судоверфь»;;;;;;;;;;;;;;"АКЦИОНЕРНОЕ ОБЩЕСТВО ""ГОСУДАРСТВЕННАЯ ТРАНСПОРТНАЯ ЛИЗИНГОВАЯ КОМПАНИЯ""";Акционерное общество «Цимлянский судомеханический завод»;;32110871009;0691/ФМГ3/1;690000000;29.12.2021;30.09.2023;0;0;223-ФЗ;;47;69;47;0;;138;;;;;139;;;;44643;;;;;;;;;;;;;;;;;;;;;;;;;;;;;;;;;;;;;;;;;;;;;
32110871227;26.11.2021;223-ФЗ;Открытый конкурс;Строительство и поставка Самоходного земснаряда 93.159;"АКЦИОНЕРНОЕ ОБЩЕСТВО ""ГОСУДАРСТВЕННАЯ ТРАНСПОРТНАЯ ЛИЗИНГОВАЯ КОМПАНИЯ""";2;анализ рынка по Положению ГТЛК;2400000000;1200000000;;5;5;1300000000;1200000000;1200000000;1200000000;1200000000;;;;;;1220000000;1200000000;1300000000;44721359.55;0.04;223-ФЗ;1220000000;;Закупка завершена;2;1;1;2388000000;АО «ССЗ «Лотос»;;2299000000;ЗАО «Нефтефлот»;;;;;;;;;;;;;;"АКЦИОНЕРНОЕ ОБЩЕСТВО ""ГОСУДАРСТВЕННАЯ ТРАНСПОРТНАЯ ЛИЗИНГОВАЯ КОМПАНИЯ""";;;32110871227;0691/ФМГ3/2;2388000000;30.12.2021; 30.09.2024;12000000;0.01;223-ФЗ;;48;70;48;0.005;;;;;;;;;;;;;;;;;;;;;;;;;;;;;;;;;;;;;;;;;;;;;;;;;;;;;;;;
32110871447;26.11.2021;223-ФЗ;Открытый конкурс;строительство и поставка пассажирского судна СПК «Олимпия»;"АКЦИОНЕРНОЕ ОБЩЕСТВО ""ГОСУДАРСТВЕННАЯ ТРАНСПОРТНАЯ ЛИЗИНГОВАЯ КОМПАНИЯ""";2;анализ рынка по Положению ГТЛК;1936940000;968470000;;4;4;968470000;1100000000;968470000;1144767000;;;;;;;1045426750;968470000;1144767000;90721933.45;0.09;223-ФЗ;1045426750;;Закупка признана несостоявшейся;0;0;0;не подано предложений;;;;;;;;;;;;;;;;;;"АКЦИОНЕРНОЕ ОБЩЕСТВО ""ГОСУДАРСТВЕННАЯ ТРАНСПОРТНАЯ ЛИЗИНГОВАЯ КОМПАНИЯ""";;;32110871447;;1936940000;;;0;0;223-ФЗ;;49;71;-;;;;;;;;;;;;;;;;;;;;;;;;;;;;;;;;;;;;;;;;;;;;;;;;;;;;;;;;;
32110871799;26.11.2021;223-ФЗ;Открытый конкурс;Строительство и поставка судов СПК типа «Метеор»;"АКЦИОНЕРНОЕ ОБЩЕСТВО ""ГОСУДАРСТВЕННАЯ ТРАНСПОРТНАЯ ЛИЗИНГОВАЯ КОМПАНИЯ""";3;анализ рынка по Положению ГТЛК;1230000000;410000000;;3;3;410000000;410000000;410000000;;;;;;;;410000000;410000000;410000000;0;0;223-ФЗ;410000000;;Закупка признана несостоявшейся;1;0;1;1230000000;Акционерное общество «Центральное конструкторское бюро по судам на подводных крыльях имени Р.Е. Алексеева»;;;;;;;;;;;;;;;;;" АКЦИОНЕРНОЕ ОБЩЕСТВО ""ГОСУДАРСТВЕННАЯ ТРАНСПОРТНАЯ ЛИЗИНГОВАЯ КОМПАНИЯ""";не заключен;;32110871799;;1230000000;;;0;0;223-ФЗ;;50;72;-;;;;;;;;;;;;;;;;;;;;;;;;;;;;;;;;;;;;;;;;;;;;;;;;;;;;;;;;;
32110871910;26.11.2021;223-ФЗ;Открытый конкурс;строительство и поставка Морского грузопассажирского судна;"АКЦИОНЕРНОЕ ОБЩЕСТВО ""ГОСУДАРСТВЕННАЯ ТРАНСПОРТНАЯ ЛИЗИНГОВАЯ КОМПАНИЯ""";1;анализ рынка по Положению ГТЛК;6000000000;6000000000;;3;3;6200000000;6000000000;6600000000;;;;;;;;6266666667;6000000000;6600000000;305505046.3;0.05;223-ФЗ;6266666667;;;1;1;0;5999000000;"коллективная заявка ЗАО «Нефтефлот» и АО ОССЗ
судостроительно-судоремонтный завод»";;;;;;;;;;;;;;;;;"АКЦИОНЕРНОЕ ОБЩЕСТВО ""ГОСУДАРСТВЕННАЯ ТРАНСПОРТНАЯ ЛИЗИНГОВАЯ КОМПАНИЯ""";;;32110871910;0691/ФМП3/4;5999000000;28.12.2021;30.09.2026;1000000;0;223-ФЗ;;51;73;51;0.0002;;;;;;;;;;;;;;;;;;;;;;;;;;;;;;;;;;;;;;;;;;;;;;;;;;;;;;;;
32110872040;26.11.2021;223-ФЗ;конкурс в электронной форме;Строительство и поставка Пассажирского скегового СВП;"АКЦИОНЕРНОЕ ОБЩЕСТВО ""ГОСУДАРСТВЕННАЯ ТРАНСПОРТНАЯ ЛИЗИНГОВАЯ КОМПАНИЯ""";7;анализ рынка по Положению ГТЛК;120000000;17142857.14;;3;3;40000000;40000000;40000000;;;;;;;;40000000;40000000;40000000;0;;223-ФЗ;40000000;;Закупка завершена;2;2;0;119000000;Общество с ограниченной ответственностью «Судостроительная верфь РПР»;;120000000;Акционерное общество «Центральное конструкторское бюро «Нептун»;;;;;;;;;;;;;;"АКЦИОНЕРНОЕ ОБЩЕСТВО ""ГОСУДАРСТВЕННАЯ ТРАНСПОРТНАЯ ЛИЗИНГОВАЯ КОМПАНИЯ""";Акционерное общество «Центральное конструкторское бюро «Нептун»;;32110872040;0691/ФМП3/3;120000000;28.12.2021;30.09.2023;0;0;223-ФЗ;;52;75;52;0;;;;;;;;;;;;;;;;;;;;;;;;;;;;;;;;;;;;;;;;;;;;;;;;;;;;;;;;
32110872115;26.11.2021;223-ФЗ;Открытый конкурс;строительство и поставка Универсального пассажирского судна (МПКС);"АКЦИОНЕРНОЕ ОБЩЕСТВО ""ГОСУДАРСТВЕННАЯ ТРАНСПОРТНАЯ ЛИЗИНГОВАЯ КОМПАНИЯ""";2;анализ рынка по Положению ГТЛК;660000000;330000000;;5;5;330000000;333000000;330000000;360000000;340000000;;;;;;338600000;330000000;360000000;12641202.47;0.04;223-ФЗ;338600000;;;5;1;4;650000000;Общество с ограниченной ответственностью «Верфь братьев Нобель»;;547800000;Акционерное общество «Чкаловская судоверфь»;;620000000;Общество с ограниченной ответственностью Судостроительный комплекс «Р-Флот»;;658000000;Коллективный участник в составе: Закрытое акционерное общество «Нефтефлот»;;587000000;Общество с ограниченной ответственностью «Белгородская судоверфь»;;;;;"АКЦИОНЕРНОЕ ОБЩЕСТВО ""ГОСУДАРСТВЕННАЯ ТРАНСПОРТНАЯ ЛИЗИНГОВАЯ КОМПАНИЯ""";Общество с ограниченной ответственностью Судостроительный комплекс «Р-Флот»;;32110872115;0691/ФМП3/2;620000000;29.12.2021;30.09.2023;40000000;0.06;223-ФЗ;;53;81;53;0.0606;;МПКС02;;44743;;;;;;;;;;;;;;;;;;;;;;;;;;;;;;;;;;;;;;;;;;;;;;;;;;;;
32110872199;26.11.2021;223-ФЗ;Открытый конкурс;строительство и поставка пассажирского судна RPV 8714;"АКЦИОНЕРНОЕ ОБЩЕСТВО ""ГОСУДАРСТВЕННАЯ ТРАНСПОРТНАЯ ЛИЗИНГОВАЯ КОМПАНИЯ""";1;анализ рынка по Положению ГТЛК;1500000000;1500000000;;3;3;1600000000;1500000000;1500000000;;;;;;;;1533333333;1500000000;1600000000;57735026.92;0.04;223-ФЗ;1533333333;;Закупка признана несостоявшейся;0;0;0;не подано предложений;;;;;;;;;;;;;;;;;;"АКЦИОНЕРНОЕ ОБЩЕСТВО ""ГОСУДАРСТВЕННАЯ ТРАНСПОРТНАЯ ЛИЗИНГОВАЯ КОМПАНИЯ""";;;32110872199;;1500000000;;;0;0;223-ФЗ;;54;82;-;;;;;;;;;;;;;;;;;;;;;;;;;;;;;;;;;;;;;;;;;;;;;;;;;;;;;;;;;
3.722E+17;17.11.2021;44-ФЗ;Электронный аукцион;Поставка продукции судостроительной промышленности – маломерного спасательного судна для обеспечения деятельности Санкт-Петербургского государственного казенного учреждения «Поисково-спасательная служба Санкт-Петербурга»;"САНКТ-ПЕТЕРБУРГСКОЕ ГОСУДАРСТВЕННОЕ КАЗЕННОЕ УЧРЕЖДЕНИЕ ""ПОИСКОВО-СПАСАТЕЛЬНАЯ СЛУЖБА САНКТ-ПЕТЕРБУРГА""";2;анализ рынка ст.22 44-ФЗ ;312000;156000;;3;3;302500;325000;308500;;;;;;;;312000;302500;325000;11651.18;0.04;44-ФЗ;312000;;закупка признана несостоявшейся ;0;0;0;не подано предложений;;;;;;;;;;;;;;;;;;"САНКТ-ПЕТЕРБУРГСКОЕ ГОСУДАРСТВЕННОЕ КАЗЕННОЕ УЧРЕЖДЕНИЕ ""ПОИСКОВО-СПАСАТЕЛЬНАЯ СЛУЖБА САНКТ-ПЕТЕРБУРГА""";;;;;;;;0;0;44-ФЗ;;55;83;-;;;;;;;;;;;;;;;;;;;;;;;;;;;;;;;;;;;;;;;;;;;;;;;;;;;;;;;;;
3.241E+17;12.11.2021;44-ФЗ;Открытый конкурс в электронной форме;приобретение служебно-вспомогательного судна длиной 19-20 метров - 2 единицы;"ФЕДЕРАЛЬНОЕ ГОСУДАРСТВЕННОЕ БЮДЖЕТНОЕ УЧРЕЖДЕНИЕ ""АРКТИЧЕСКАЯ ДИРЕКЦИЯ ПО ТЕХНИЧЕСКОМУ ОБЕСПЕЧЕНИЮ НАДЗОРА НА МОРЕ""";2;анализ рынка ст.22 44-ФЗ ;150000000;75000000;04.08.2021;3;3;80000000;80000000;331013000;;;;;;;;163671000;80000000;331013000;144922423.1;0.89;44-ФЗ;163671000;;Определение поставщика завершено;3;3;0;140000000;"ПУБЛИЧНОЕ АКЦИОНЕРНОЕ ОБЩЕСТВО ""ЯРОСЛАВСКИЙ СУДОСТРОИТЕЛЬНЫЙ ЗАВОД""";;118900000;"ОБЩЕСТВО С ОГРАНИЧЕННОЙ ОТВЕТСТВЕННОСТЬЮ ""КИНГИСЕППСКИЙ МАШИНОСТРОИТЕЛЬНЫЙ ЗАВОД""";;135000000;"ОБЩЕСТВО С ОГРАНИЧЕННОЙ ОТВЕТСТВЕННОСТЬЮ ""ПКФ ""ТЕХМЕТТОРГ""";;;;;;;;;;;"ФЕДЕРАЛЬНОЕ ГОСУДАРСТВЕННОЕ БЮДЖЕТНОЕ УЧРЕЖДЕНИЕ ""АРКТИЧЕСКАЯ ДИРЕКЦИЯ ПО ТЕХНИЧЕСКОМУ ОБЕСПЕЧЕНИЮ НАДЗОРА НА МОРЕ""";"ПУБЛИЧНОЕ АКЦИОНЕРНОЕ ОБЩЕСТВО ""ЯРОСЛАВСКИЙ СУДОСТРОИТЕЛЬНЫЙ ЗАВОД""";;;2/ФАИП;140000000;27.12.2021;01.12.2022;10000000;0.07;44-ФЗ;;56;84;56;0.0667;;;;;;;;;;;;;;;;;;;;;;;;;;;;;;;;;;;;;;;;;;;;;;;;;;;;;;;;
1.263E+17;09.11.2021;44-ФЗ;Электронный аукцион;Поставка маломерного судна;УПРАВЛЕНИЕ МУНИЦИПАЛЬНОГО ЗАКАЗА АДМИНИСТРАЦИИ ГОРОДА БЕЛГОРОДА;1;анализ рынка ст.22 44-ФЗ ;1200000;1200000;19.10.2021;3;3;1300000;1288000;1200000;;;;;;;;1262666.67;1200000;1300000;54601.59;0.04;44-ФЗ;1262666.67;;Исполнение завершено;1;1;0;1200000;"ОБЩЕСТВО С ОГРАНИЧЕННОЙ ОТВЕТСТВЕННОСТЬЮ ""МОТО-ТАЙМ""";;;;;;;;;;;;;;;;;УПРАВЛЕНИЕ МУНИЦИПАЛЬНОГО ЗАКАЗА АДМИНИСТРАЦИИ ГОРОДА БЕЛГОРОДА;"ОБЩЕСТВО С ОГРАНИЧЕННОЙ ОТВЕТСТВЕННОСТЬЮ ""МОТО-ТАЙМ""";73913161;33123042990 21 000026;25-21/ГОЧС;1200000;29.11.2021;31.12.2021;0;0;44-ФЗ;;57;85;57;0;;;;;;;;;;;;;;;;;;;;;;;;;;;;;;;;;;;;;;;;;;;;;;;;;;;;;;;;
3.161E+17;27.10.2021;44-ФЗ;Электронный аукцион;Поставка маломерного амфибийного судна на воздушной подушке проекта А8;"ФЕДЕРАЛЬНОЕ ГОСУДАРСТВЕННОЕ БЮДЖЕТНОЕ УЧРЕЖДЕНИЕ ""ГОСУДАРСТВЕННЫЙ ПРИРОДНЫЙ ЗАПОВЕДНИК ""ОЛЕКМИНСКИЙ""";1;анализ рынка ст.22 44-ФЗ ;12651800;12651800;18.10.2021;3;3;12651800;12651800;12651800;;;;;;;;12651800;12651800;12651800;0;0;44-ФЗ;12651800;;электронный аукцион признан несостоявшимся;0;0;0;не подано предложений;;;;;;;;;;;;;;;;;;"ФЕДЕРАЛЬНОЕ ГОСУДАРСТВЕННОЕ БЮДЖЕТНОЕ УЧРЕЖДЕНИЕ ""ГОСУДАРСТВЕННЫЙ ПРИРОДНЫЙ ЗАПОВЕДНИК ""ОЛЕКМИНСКИЙ""";;;;;12651800;;;0;0;44-ФЗ;;58;86;58;0;;;;;;;;;;;;;;;;;;;;;;;;;;;;;;;;;;;;;;;;;;;;;;;;;;;;;;;;
32110763914;26.10.2021;223-ФЗ;Запрос предложений в электронной форме;на право заключения договоров поставки земснаряда для нужд ОСП Рефтинская ГРЭС АО «Кузбассэнерго» (Закупка 0108-2022-Реф).;КУЗБАССКОЕ АКЦИОНЕРНОЕ ОБЩЕСТВО ЭНЕРГЕТИКИ И ЭЛЕКТРИФИКАЦИИ;1;анализ рынка ст.4 223-ФЗ ;101295000;101295000;;0;0;;;;;;;;;;;0;0;0;0;;223-ФЗ;0;;;3;2;1;87500000;1;;88000000;2;;;;;;;;;;;;;;КУЗБАССКОЕ АКЦИОНЕРНОЕ ОБЩЕСТВО ЭНЕРГЕТИКИ И ЭЛЕКТРИФИКАЦИИ;;;;РЕФГРЭС-22/102;87500000;10.01.2022;31.12.2022;13795000;0.14;223-ФЗ;;59;88;59;0.1362;;;;;;;;;;;;;;;;;;;;;;;;;;;;;;;;;;;;;;;;;;;;;;;;;;;;;;;;
3.722E+17;22.10.2021;44-ФЗ;Электронный аукцион;Поставка продукции судостроительной промышленности – маломерного спасательного судна для обеспечения деятельности Санкт-Петербургского государственного казенного учреждения «Поисково-спасательная служба Санкт-Петербурга»;"САНКТ-ПЕТЕРБУРГСКОЕ ГОСУДАРСТВЕННОЕ КАЗЕННОЕ УЧРЕЖДЕНИЕ ""ПОИСКОВО-СПАСАТЕЛЬНАЯ СЛУЖБА САНКТ-ПЕТЕРБУРГА""";2;анализ рынка ст.22 44-ФЗ ;312000;156000;;3;3;302500;325000;308500;;;;;;;;312000;302500;325000;11651.18;0.04;44-ФЗ;312000;;закупка признана несостоявшейся ;1;0;1;0;"ОБЩЕСТВО С ОГРАНИЧЕННОЙ ОТВЕТСТВЕННОСТЬЮ ""НПО ВИКТОРИЯ""";;;;;;;;;;;;;;;;;"САНКТ-ПЕТЕРБУРГСКОЕ ГОСУДАРСТВЕННОЕ КАЗЕННОЕ УЧРЕЖДЕНИЕ ""ПОИСКОВО-СПАСАТЕЛЬНАЯ СЛУЖБА САНКТ-ПЕТЕРБУРГА""";;;;;;;;0;0;44-ФЗ;;60;90;-;;;;;;;;;;;;;;;;;;;;;;;;;;;;;;;;;;;;;;;;;;;;;;;;;;;;;;;;;
1.262E+17;18.10.2021;44-ФЗ;Электронный аукцион;Поставка многофункционального самоходного земснаряда;УПРАВЛЕНИЕ ГОСУДАРСТВЕННОГО ЗАКАЗА И ЛИЦЕНЗИРОВАНИЯ БЕЛГОРОДСКОЙ ОБЛАСТИ;2;анализ рынка ст.22 44-ФЗ ;138000000;69000000;12.10.2021;3;3;138000000;150000000;156000000;;;;;;;;148000000;138000000;156000000;9165151.39;0.06;44-ФЗ;148000000;; электронный аукцион признается несостоявшимся.;1;0;1;137310000;"ОБЩЕСТВО С ОГРАНИЧЕННОЙ ОТВЕТСТВЕННОСТЬЮ ""МАШМЕТ""";;;;;;;;;;;;;;;;;УПРАВЛЕНИЕ ГОСУДАРСТВЕННОГО ЗАКАЗА И ЛИЦЕНЗИРОВАНИЯ БЕЛГОРОДСКОЙ ОБЛАСТИ;"ОБЩЕСТВО С ОГРАНИЧЕННОЙ ОТВЕТСТВЕННОСТЬЮ ""МАШМЕТ""";;;1.26E+17;137310000;22.11.2021;;690000;0.01;44-ФЗ;;61;92;61;0.005;;;;;;;;;;;;;;;;;;;;;;;;;;;;;;;;;;;;;;;;;;;;;;;;;;;;;;;;
32110737619;18.10.2021;223-ФЗ;Закупка у единственного поставщика;"Право заключения договора на выполнение работ по строительству и доставке модернизированных плавучих энергоблоков (ОКПД 2 – 30.11.33.190 «Суда прочие»; ОКПД 2 – 42.22.13.200 «Электростанции атомные»)";ФЕДЕРАЛЬНОЕ ГОСУДАРСТВЕННОЕ УНИТАРНОЕ ПРЕДПРИЯТИЕ АТОМНОГО ФЛОТА;1;затратный метод;1.90E+11;1.90E+11;;0;0;;;;;;;;;;;0;0;0;0;;223-ФЗ;0;;«Исполнение прекращено - расторжение»;ЕП;ЕП;ЕП;;АО «Атомэнергомаш» ;;;;;;;;;;;;;;;;;ФЕДЕРАЛЬНОЕ ГОСУДАРСТВЕННОЕ УНИТАРНОЕ ПРЕДПРИЯТИЕ АТОМНОГО ФЛОТА;АО «Атомэнергомаш» ;;;33/8156-Д/213/4394-Д;1.90E+11;08.10.2021;30.08.2031;0;0;223-ФЗ;;62;94;62;0;;;;;;;;;;;;;;;;;;;;;;;;;;;;;;;;;;;;;;;;;;;;;;;;;;;;;;;;
3.722E+17;14.10.2021;44-ФЗ;Электронный аукцион;Поставка продукции судостроительной промышленности – маломерного моторного спасательного судна с прицепом для обеспечения деятельности Санкт-Петербургского государственного казенного учреждения «Поисково-спасательная служба Санкт-Петербурга»;"САНКТ-ПЕТЕРБУРГСКОЕ ГОСУДАРСТВЕННОЕ КАЗЕННОЕ УЧРЕЖДЕНИЕ ""ПОИСКОВО-СПАСАТЕЛЬНАЯ СЛУЖБА САНКТ-ПЕТЕРБУРГА""";1;анализ рынка ст.22 44-ФЗ ;1331667;1331666.66;;3;3;1354000;1392000;1249000;;;;;;;;1331666.67;1249000;1392000;74069.79;0.06;44-ФЗ;1331666.67;;Исполнение завершено;1;1;0;1331666.66;"ОБЩЕСТВО С ОГРАНИЧЕННОЙ ОТВЕТСТВЕННОСТЬЮ ""ПРОИЗВОДСТВЕННО-КОММЕРЧЕСКАЯ ФИРМА МНЕВ И К""";;;;;;;;;;;;;;;;;"САНКТ-ПЕТЕРБУРГСКОЕ ГОСУДАРСТВЕННОЕ КАЗЕННОЕ УЧРЕЖДЕНИЕ ""ПОИСКОВО-СПАСАТЕЛЬНАЯ СЛУЖБА САНКТ-ПЕТЕРБУРГА""";"ОБЩЕСТВО С ОГРАНИЧЕННОЙ ОТВЕТСТВЕННОСТЬЮ ""ПРОИЗВОДСТВЕННО-КОММЕРЧЕСКАЯ ФИРМА МНЕВ И К""";73388358;27805481814 21 000116;91;1331667;10.11.2021;31.12.2021;0;0;44-ФЗ;;63;95;63;0;;;;;;;;;;;;;;;;;;;;;;;;;;;;;;;;;;;;;;;;;;;;;;;;;;;;;;;;
1.422E+17;07.10.2021;44-ФЗ;Электронный аукцион;"Поставка маломерного судна на воздушной подушке для нужд ГКУ ""Поисково-спасательная служба Самарской области""";ГЛАВНОЕ УПРАВЛЕНИЕ ОРГАНИЗАЦИИ ТОРГОВ САМАРСКОЙ ОБЛАСТИ;1;анализ рынка ст.22 44-ФЗ ;7000000;7000000;;3;3;7000000;7100000;6900000;;;;;;;;7000000;6900000;7100000;100000;0.01;44-ФЗ;7000000;;Определение поставщика (подрядчика, исполнителя) отменено;0;0;0;не подано предложений;;;;;;;;;;;;;;;;;;ГЛАВНОЕ УПРАВЛЕНИЕ ОРГАНИЗАЦИИ ТОРГОВ САМАРСКОЙ ОБЛАСТИ;;;;;;;;0;0;44-ФЗ;;64;96;-;;;;;;;;;;;;;;;;;;;;;;;;;;;;;;;;;;;;;;;;;;;;;;;;;;;;;;;;;
5.731E+17;06.10.2021;44-ФЗ;Электронный аукцион;"Выполнение строительных работ по объекту ""Ледокол мощностью 18 МВт ледового класса Icebreaker 7 для морских портов Северо-Западного (Балтийского) бассейна""";"ФЕДЕРАЛЬНОЕ ГОСУДАРСТВЕННОЕ УНИТАРНОЕ ПРЕДПРИЯТИЕ ""РОСМОРПОРТ""";1;анализ рынка ст.22 44-ФЗ ;10502621100;10502621100;;3;3;10500000000;10350000000;10750000000;;;;;;;;10533333333;10350000000;10750000000;202072594.2;0.02;44-ФЗ;10533333333;;Исполнение;1;1;0;10502621100;"ПУБЛИЧНОЕ АКЦИОНЕРНОЕ ОБЩЕСТВО ""ВЫБОРГСКИЙ СУДОСТРОИТЕЛЬНЫЙ ЗАВОД""";;;;;;;;;;;;;;;;;"ФЕДЕРАЛЬНОЕ ГОСУДАРСТВЕННОЕ УНИТАРНОЕ ПРЕДПРИЯТИЕ ""РОСМОРПОРТ""";"ПУБЛИЧНОЕ АКЦИОНЕРНОЕ ОБЩЕСТВО ""ВЫБОРГСКИЙ СУДОСТРОИТЕЛЬНЫЙ ЗАВОД""";5.73E+21;;273/ОПЭД-21;10502621100;25.11.2021;30.12.2024;0;0;44-ФЗ;;65;98;65;0;;;;;;;;;;;;;;;;;;;;;;;;;;;;;;;;;;;;;;;;;;;;;;;;;;;;;;;;
32110689896;30.09.2021;223-ФЗ;Запрос предложений;Поставка разъездного маломерного судна;"АКЦИОНЕРНОЕ ОБЩЕСТВО ""СРЕДНЕ-НЕВСКИЙ СУДОСТРОИТЕЛЬНЫЙ ЗАВОД""";2;анализ рынка ст.4 223-ФЗ ;38400000;19200000;;3;3;19500000;19800000;19200000;;;;;;;;19500000;19200000;19800000;300000;0.02;223-ФЗ;19500000;;;3;1;2;34176000;ИНУ 27267;;35900000;ИНУ 63268;;38350000;ИНУ 59850;;;;;;;;;;;"АКЦИОНЕРНОЕ ОБЩЕСТВО ""СРЕДНЕ-НЕВСКИЙ СУДОСТРОИТЕЛЬНЫЙ ЗАВОД""";ИНУ 59850;;32110689896;0000000010319P0J0002/337-СН/42-2021;37850000;29.11.2021;;550000;0.01;223-ФЗ;;66;101;66;0.0143;;;;;;;;;;;;;;;;;;;;;;;;;;;;;;;;;;;;;;;;;;;;;;;;;;;;;;;;
3.731E+17;20.09.2021;44-ФЗ;Электронный аукцион;Многофункциональный земснаряд;"ФЕДЕРАЛЬНОЕ ГОСУДАРСТВЕННОЕ БЮДЖЕТНОЕ ВОДОХОЗЯЙСТВЕННОЕ УЧРЕЖДЕНИЕ ""ЦЕНТРРЕГИОНВОДХОЗ""";1;анализ рынка ст.22 44-ФЗ ;87599999;87599999;;3;3;88000000;87000000;87799999;;;;;;;;87599999.73;87000000;88000000;529150.11;0.01;44-ФЗ;87599999.73;;;2;2;0;87599999.73;"ООО ""МАШМЕТ""";;87599999.73;"ООО ""ЗИС""";;;;;;;;;;;;;;"ФЕДЕРАЛЬНОЕ ГОСУДАРСТВЕННОЕ БЮДЖЕТНОЕ ВОДОХОЗЯЙСТВЕННОЕ УЧРЕЖДЕНИЕ ""ЦЕНТРРЕГИОНВОДХОЗ""";"ООО ""МАШМЕТ""";;;257;87600000;12.10.2021;;-0.73;0;44-ФЗ;;67;103;67;0;;;;;;;;;;;;;;;;;;;;;;;;;;;;;;;;;;;;;;;;;;;;;;;;;;;;;;;;
1.573E+17;09.09.2021;44-ФЗ;Электронный аукцион;Поставка самоходного парома (идентификационный номер: 155-А-МЗ-17);Уполномоченный орган АДМИНИСТРАЦИЯ ПЕЧОРСКОГО РАЙОНА;1;анализ рынка ст.22 44-ФЗ ;38600000;38600000;;3;3;42264102;41600000;38600000;;;;;;;;40821367.39;38600000;42264102.16;1952207.14;0.05;44-ФЗ;40821367.39;;Исполнение завершено;1;1;0;38600000;"ЗАКРЫТОЕ АКЦИОНЕРНОЕ ОБЩЕСТВО ""ЭКСПЕРИМЕНТАЛЬНАЯ СУДОВЕРФЬ""";;;;;;;;;;;;;;;;;"Уполномоченный орган
АДМИНИСТРАЦИЯ ПЕЧОРСКОГО РАЙОНА";"ЗАКРЫТОЕ АКЦИОНЕРНОЕ ОБЩЕСТВО ""ЭКСПЕРИМЕНТАЛЬНАЯ СУДОВЕРФЬ""";;36015001449 21 000108; 0157300021021000237 ;38600000;01.10.2021;15.08.2022;0;0;44-ФЗ;;68;105;68;0;;;;;;;;;;;;;;;;;;;;;;;;;;;;;;;;;;;;;;;;;;;;;;;;;;;;;;;;
8.255E+17;07.09.2021;44-ФЗ;Электронный аукцион;Поставка трех единиц несамоходных паромов;"ГОСУДАРСТВЕННОЕ КАЗЕННОЕ УЧРЕЖДЕНИЕ АСТРАХАНСКОЙ ОБЛАСТИ ""УПРАВЛЕНИЕ АВТОМОБИЛЬНЫМИ ДОРОГАМИ ОБЩЕГО ПОЛЬЗОВАНИЯ ""АСТРАХАНЬАВТОДОР""";3;анализ рынка ст.22 44-ФЗ ;140820000;46940000;;4;4;42800000;43200000;42960000;58800000;;;;;;;46940000;42800000;58800000;7908375.31;0.17;44-ФЗ;46940000;;Определение поставщика завершено;3;1;2;140115900;"ОБЩЕСТВО С ОГРАНИЧЕННОЙ ОТВЕТСТВЕННОСТЬЮ ""ПРОМЫШЛЕННАЯ ГРУППА ""СЛИП""";;139411800;"ОБЩЕСТВО С ОГРАНИЧЕННОЙ ОТВЕТСТВЕННОСТЬЮ ""СТРОЙЛИДЕРПЛЮС""";;140115900;"ОБЩЕСТВО С ОГРАНИЧЕННОЙ ОТВЕТСТВЕННОСТЬЮ ""КЕССОН""";;;;;;;;;;;"ГОСУДАРСТВЕННОЕ КАЗЕННОЕ УЧРЕЖДЕНИЕ АСТРАХАНСКОЙ ОБЛАСТИ ""УПРАВЛЕНИЕ АВТОМОБИЛЬНЫМИ ДОРОГАМИ ОБЩЕГО ПОЛЬЗОВАНИЯ ""АСТРАХАНЬАВТОДОР""";"ОБЩЕСТВО С ОГРАНИЧЕННОЙ ОТВЕТСТВЕННОСТЬЮ ""ПРОМЫШЛЕННАЯ ГРУППА ""СЛИП""";;;8.26E+17;140115900;04.10.2021;;704100;0.01;44-ФЗ;;69;106;69;0.005;;;;;;;;;;;;;;;;;;;;;;;;;;;;;;;;;;;;;;;;;;;;;;;;;;;;;;;;
32110592994;27.08.2021;223-ФЗ;Открытый конкурс в электронной форме;Поставка нефтемусоросборного судна;"ФЕДЕРАЛЬНОЕ ГОСУДАРСТВЕННОЕ БЮДЖЕТНОЕ УЧРЕЖДЕНИЕ ""МОРСКАЯ СПАСАТЕЛЬНАЯ СЛУЖБА""";1;анализ рынка ст.4 223-ФЗ ;241263339;241263339.2;;3;3;243260099;241631125;238898793;;;;;;;;241263339.2;238898793.1;243260099.2;2203791.64;0.01;223-ФЗ;241263339.2;;Закупка завершена;1;1;0;241223339.2;"Общество с ограниченной ответственностью
«ЛИНК»";;;;;;;;;;;;;;;;;"ФЕДЕРАЛЬНОЕ ГОСУДАРСТВЕННОЕ БЮДЖЕТНОЕ УЧРЕЖДЕНИЕ ""МОРСКАЯ СПАСАТЕЛЬНАЯ СЛУЖБА""";"Общество с ограниченной ответственностью ""ЛИНК""";;;МСС-477/2021;241263339;11.10.2021;31.01.2024;0;0;223-ФЗ;;70;107;70;0;;;;;;;;;;;;;;;;;;;;;;;;;;;;;;;;;;;;;;;;;;;;;;;;;;;;;;;;
1.151E+17;26.08.2021;44-ФЗ;Электронный аукцион;Приобретение маломерного судна особой конструкции (аэролодка) с трейлером для транспортировки;ГЛАВНОЕ УПРАВЛЕНИЕ МИНИСТЕРСТВА РОССИЙСКОЙ ФЕДЕРАЦИИ ПО ДЕЛАМ ГРАЖДАНСКОЙ ОБОРОНЫ, ЧРЕЗВЫЧАЙНЫМ СИТУАЦИЯМ И ЛИКВИДАЦИИ ПОСЛЕДСТВИЙ СТИХИЙНЫХ БЕДСТВИЙ ПО ЧУВАШСКОЙ РЕСПУБЛИКЕ - ЧУВАШИИ;1;анализ рынка ст.22 44-ФЗ ;9600000;9600000;;3;3;9700000;9500000;9600000;;;;;;;;9600000;9500000;9700000;100000;0.01;44-ФЗ;9600000;;Исполнение завершено;1;1;0;9600000;"ОБЩЕСТВО С ОГРАНИЧЕННОЙ ОТВЕТСТВЕННОСТЬЮ ""СЕВЕРБОАТ""";;;;;;;;;;;;;;;;;ГЛАВНОЕ УПРАВЛЕНИЕ МИНИСТЕРСТВА РОССИЙСКОЙ ФЕДЕРАЦИИ ПО ДЕЛАМ ГРАЖДАНСКОЙ ОБОРОНЫ, ЧРЕЗВЫЧАЙНЫМ СИТУАЦИЯМ И ЛИКВИДАЦИИ ПОСЛЕДСТВИЙ СТИХИЙНЫХ БЕДСТВИЙ ПО ЧУВАШСКОЙ РЕСПУБЛИКЕ - ЧУВАШИИ;"ОБЩЕСТВО С ОГРАНИЧЕННОЙ ОТВЕТСТВЕННОСТЬЮ ""СЕВЕРБОАТ""";72223375;12128056868 21 000075;98;9600000;17.09.2021;25.12.2021;0;0;44-ФЗ;;71;108;71;0;;;;;;;;;;;;;;;;;;;;;;;;;;;;;;;;;;;;;;;;;;;;;;;;;;;;;;;;
3.183E+17;25.08.2021;44-ФЗ;Электронный аукцион;Поставка судна прогулочного прочего.;"МУНИЦИПАЛЬНОЕ КАЗЕННОЕ УЧРЕЖДЕНИЕ ""МУНИЦИПАЛЬНЫЙ ЗАКАЗ"" МУНИЦИПАЛЬНОГО ОБРАЗОВАНИЯ ТЕМРЮКСКИЙ РАЙОН";1;анализ рынка ст.22 44-ФЗ ;1121850;1121850;;3;3;1128500;1158500;1078500;;;;;;;;1121833.33;1078500;1158500;40414.52;0.04;44-ФЗ;1121833.33;;Исполнение завершено;2;2;0;896842.5;"ОБЩЕСТВО С ОГРАНИЧЕННОЙ ОТВЕТСТВЕННОСТЬЮ ""КОРВЕТ""";;950000;Индивидуальный предприниматель ЛЮБАРЕЦ НИКОЛАЙ ИВАНОВИЧ;;;;;;;;;;;;;;"МУНИЦИПАЛЬНОЕ КАЗЕННОЕ УЧРЕЖДЕНИЕ ""МУНИЦИПАЛЬНЫЙ ЗАКАЗ"" МУНИЦИПАЛЬНОГО ОБРАЗОВАНИЯ ТЕМРЮКСКИЙ РАЙОН";"ОБЩЕСТВО С ОГРАНИЧЕННОЙ ОТВЕТСТВЕННОСТЬЮ ""КОРВЕТ""";72354510;32352049227 21 000012;3.18E+21;896843;20.09.2021;15.11.2021;225007.5;0.2;44-ФЗ;;72;109;72;0.2006;;;;;;;;;;;;;;;;;;;;;;;;;;;;;;;;;;;;;;;;;;;;;;;;;;;;;;;;
3.081E+17;20.08.2021;44-ФЗ;Электронный аукцион;Приобретение основных средств: маломерное судно особой конструкции (аэробот);ГЛАВНОЕ УПРАВЛЕНИЕ МИНИСТЕРСТВА РОССИЙСКОЙ ФЕДЕРАЦИИ ПО ДЕЛАМ ГРАЖДАНСКОЙ ОБОРОНЫ, ЧРЕЗВЫЧАЙНЫМ СИТУАЦИЯМ И ЛИКВИДАЦИИ ПОСЛЕДСТВИЙ СТИХИЙНЫХ БЕДСТВИЙ ПО РЕСПУБЛИКЕ МАРИЙ ЭЛ;1;анализ рынка ст.22 44-ФЗ ;9600000;9600000;;3;3;9700000;9500000;9600000;;;;;;;;9600000;9500000;9700000;100000;0.01;44-ФЗ;9600000;;Исполнение завершено;1;1;0;9600000;"ОБЩЕСТВО С ОГРАНИЧЕННОЙ ОТВЕТСТВЕННОСТЬЮ ""СЕВЕРБОАТ""";;;;;;;;;;;;;;;;;ГЛАВНОЕ УПРАВЛЕНИЕ МИНИСТЕРСТВА РОССИЙСКОЙ ФЕДЕРАЦИИ ПО ДЕЛАМ ГРАЖДАНСКОЙ ОБОРОНЫ, ЧРЕЗВЫЧАЙНЫМ СИТУАЦИЯМ И ЛИКВИДАЦИИ ПОСЛЕДСТВИЙ СТИХИЙНЫХ БЕДСТВИЙ ПО РЕСПУБЛИКЕ МАРИЙ ЭЛ;"ОБЩЕСТВО С ОГРАНИЧЕННОЙ ОТВЕТСТВЕННОСТЬЮ ""СЕВЕРБОАТ""";72120785;11215098830 21 000089;243;9600000;11.09.2021;31.12.2021;0;0;44-ФЗ;;73;110;73;0;;;;;;;;;;;;;;;;;;;;;;;;;;;;;;;;;;;;;;;;;;;;;;;;;;;;;;;;
3.241E+17;19.08.2021;44-ФЗ;Открытый конкурс в электронной форме;приобретение служебно-вспомогательного судна длиной 19-20 метров;"ФЕДЕРАЛЬНОЕ ГОСУДАРСТВЕННОЕ БЮДЖЕТНОЕ УЧРЕЖДЕНИЕ ""АРКТИЧЕСКАЯ ДИРЕКЦИЯ ПО ТЕХНИЧЕСКОМУ ОБЕСПЕЧЕНИЮ НАДЗОРА НА МОРЕ""";1;анализ рынка ст.22 44-ФЗ ;75000000;75000000;04.08.2021;2;2;80000000;80000000;;;;;;;;;80000000;80000000;80000000;0;0;44-ФЗ;80000000;;;0;0;0;;;;;;;;;;;;;;;;;;;;;;;;;;;;;44-ФЗ;;74;112;-;;;;;;;;;;;;;;;;;;;;;;;;;;;;;;;;;;;;;;;;;;;;;;;;;;;;;;;;;
3.241E+17;05.08.2021;44-ФЗ;Открытый конкурс в электронной форме;приобретение служебно-разъездного судна длиной 19-20 метров;"ФЕДЕРАЛЬНОЕ ГОСУДАРСТВЕННОЕ БЮДЖЕТНОЕ УЧРЕЖДЕНИЕ ""АРКТИЧЕСКАЯ ДИРЕКЦИЯ ПО ТЕХНИЧЕСКОМУ ОБЕСПЕЧЕНИЮ НАДЗОРА НА МОРЕ""";1;анализ рынка ст.22 44-ФЗ ;284066700;284066700;06.07.2021;2;2;290000000;300000000;;;;;;;;;295000000;290000000;300000000;7071067.81;0.02;44-ФЗ;295000000;;;2;0;0;268397500;;;279000000;;;;;;;;;;;;;;;;"АКЦИОНЕРНОЕ ОБЩЕСТВО ""СРЕДНЕ-НЕВСКИЙ СУДОСТРОИТЕЛЬНЫЙ ЗАВОД""";;1.51904E+18; 1/ФАИП;268397500;17.09.2021;31.12.2023;15669200;0.06;44-ФЗ;;75;113;75;0.0552;;;;;;;;;;;;;;;;;;;;;;;;;;;;;;;;;;;;;;;;;;;;;;;;;;;;;;;;
5.731E+17;05.08.2021;44-ФЗ;Запрос предложений в электронной форме;Ледокол мощностью 18 МВт ледового класса Icebreaker7 для морских портов  Северо-Западного (Балтийского) бассейна;"ФЕДЕРАЛЬНОЕ ГОСУДАРСТВЕННОЕ УНИТАРНОЕ ПРЕДПРИЯТИЕ ""РОСМОРПОРТ""";1;анализ рынка ст.22 44-ФЗ ;10502621100;10502621100;;3;3;10500000000;10350000000;10750000000;;;;;;;;10533333333;10350000000;10750000000;202072594.2;0.02;44-ФЗ;10533333333;;Определение поставщика завершено;1;1;0;10502621100;"ЗАКРЫТОЕ АКЦИОНЕРНОЕ ОБЩЕСТВО ""НЕФТЕФЛОТ";;;;;;;;;;;;;;;;;"ФЕДЕРАЛЬНОЕ ГОСУДАРСТВЕННОЕ УНИТАРНОЕ ПРЕДПРИЯТИЕ ""РОСМОРПОРТ""";;;;273/ОПЭД-21;10502621100;Контракт не заключен;;0;0;44-ФЗ;;76;114;-;;;;;;;;;;;;;;;;;;;;;;;;;;;;;;;;;;;;;;;;;;;;;;;;;;;;;;;;;
3.241E+17;02.08.2021;44-ФЗ;Открытый конкурс в электронной форме;приобретение служебно-разъездного судна длиной 19-20 метров;"ФЕДЕРАЛЬНОЕ ГОСУДАРСТВЕННОЕ БЮДЖЕТНОЕ УЧРЕЖДЕНИЕ ""АРКТИЧЕСКАЯ ДИРЕКЦИЯ ПО ТЕХНИЧЕСКОМУ ОБЕСПЕЧЕНИЮ НАДЗОРА НА МОРЕ""";1;анализ рынка ст.22 44-ФЗ ;284066700;284066700;06.07.2021;2;2;290000000;300000000;;;;;;;;;295000000;290000000;300000000;7071067.81;0.02;44-ФЗ;295000000;;;отмена;отмена;отмена;;;;;;;;;;;;;;;;;;;;;;;;;;;;;44-ФЗ;;77;115;-;;;;;;;;;;;;;;;;;;;;;;;;;;;;;;;;;;;;;;;;;;;;;;;;;;;;;;;;;
32110522546;02.08.2021;223-ФЗ;Запрос предложений;Поставка разъездного маломерного судна;"АКЦИОНЕРНОЕ ОБЩЕСТВО ""СРЕДНЕ-НЕВСКИЙ СУДОСТРОИТЕЛЬНЫЙ ЗАВОД""";2;анализ рынка ст.4 223-ФЗ ;26900000;13450000;;3;3;14250000;21000000;13450000;;;;;;;;16233333.33;13450000;21000000;4147388.74;0.26;223-ФЗ;16233333.33;;Закупка признана несостоявшейся;1;0;1;26227500;н\д;;;;;;;;;;;;;;;;;"АКЦИОНЕРНОЕ ОБЩЕСТВО ""СРЕДНЕ-НЕВСКИЙ СУДОСТРОИТЕЛЬНЫЙ ЗАВОД""";;;32110522546;;;Контракт не заключен;;0;0;223-ФЗ;;78;116;-;;;;;;;;;;;;;;;;;;;;;;;;;;;;;;;;;;;;;;;;;;;;;;;;;;;;;;;;;
1.731E+17;28.07.2021;44-ФЗ;Закрытый аукцион;Поставка «Проект 705бм – рейдовый буксир для восточного региона (сдача 1 единицы в 2023 году, 1 единицы в 2025 году)»;МИНИСТЕРСТВО ОБОРОНЫ РОССИЙСКОЙ ФЕДЕРАЦИИ;2;закрытый аукцион;477515870;238757935.1;;0;0;;;;;;;;;;;;;;;;44-ФЗ;;;;1;0;0;;;;;;;;;;;;;;;;;;;МИНИСТЕРСТВО ОБОРОНЫ РОССИЙСКОЙ ФЕДЕРАЦИИ;;;;;;;;0;0;44-ФЗ;;79;117;-;;;;;;;;;;;;;;;;;;;;;;;;;;;;;;;;;;;;;;;;;;;;;;;;;;;;;;;;;
5.721E+17;28.07.2021;44-ФЗ;Электронный аукцион;Строительство головного гидрографического лоцмейстерского судна ледового класса Arc7;ФЕДЕРАЛЬНОЕ ГОСУДАРСТВЕННОЕ УНИТАРНОЕ ГИДРОГРАФИЧЕСКОЕ ПРЕДПРИЯТИЕ;1;расчетный;7067180000;7067180000;;0;0;;;;;;;;;;;;;;;;44-ФЗ;;;электронный аукцион признан несостоявшимся.;0;0;0;не подано предложений;не подано предложений;не подано предложений;не подано предложений;не подано предложений;не подано предложений;не подано предложений;не подано предложений;не подано предложений;не подано предложений;не подано предложений;не подано предложений;не подано предложений;не подано предложений;не подано предложений;не подано предложений;;;ФЕДЕРАЛЬНОЕ ГОСУДАРСТВЕННОЕ УНИТАРНОЕ ГИДРОГРАФИЧЕСКОЕ ПРЕДПРИЯТИЕ;;;;;;;;0;0;44-ФЗ;;80;119;-;;;;;;;;;;;;;;;;;;;;;;;;;;;;;;;;;;;;;;;;;;;;;;;;;;;;;;;;;
32110500609;26.07.2021;223-ФЗ;Закупка у единственного поставщика;Право заключения контракта на выполнение работ по строительству и поставке портового буксира ледового класса ARC4 (ОКПД 2 - 30.11.32.113 «Буксиры портовые») (стр.  512630);ФЕДЕРАЛЬНОЕ ГОСУДАРСТВЕННОЕ УНИТАРНОЕ ПРЕДПРИЯТИЕ АТОМНОГО ФЛОТА;1;анализ рынка ст.4 223-ФЗ ;769463467;769463467.2;;3;3;769463467;795009781;956956219;;;;;;;;840476489.1;769463467.2;956956218.7;101679885.4;0.12;223-ФЗ;840476489.1;;Закупка завершена;ЕП;ЕП;ЕП;;Damen Shipyards Gorinchem B.V.;;;;;;;;;;;;;;;;;ФЕДЕРАЛЬНОЕ ГОСУДАРСТВЕННОЕ УНИТАРНОЕ ПРЕДПРИЯТИЕ АТОМНОГО ФЛОТА;Damen Shipyards Gorinchem B.V.;;32110500609;512630;769463467;30.07.2021;14.12.2022;0;0;223-ФЗ;;81;120;81;0;;;;;;;;;;;;;;;;;;;;;;;;;;;;;;;;;;;;;;;;;;;;;;;;;;;;;;;;
32110501454;26.07.2021;223-ФЗ;Закупка у единственного поставщика;Право заключения контракта на выполнение работ по строительству и поставке портового буксира ледового класса ARC4 (ОКПД 2 - 30.11.32.113 «Буксиры портовые») (стр.  512631);ФЕДЕРАЛЬНОЕ ГОСУДАРСТВЕННОЕ УНИТАРНОЕ ПРЕДПРИЯТИЕ АТОМНОГО ФЛОТА;1;анализ рынка ст.4 223-ФЗ ;769463467;769463467.2;;3;3;769463467;795009781;956956219;;;;;;;;840476489.1;769463467.2;956956218.7;101679885.4;0.12;223-ФЗ;840476489.1;;Закупка завершена;ЕП;ЕП;ЕП;;Damen Shipyards Gorinchem B.V.;;;;;;;;;;;;;;;;;ФЕДЕРАЛЬНОЕ ГОСУДАРСТВЕННОЕ УНИТАРНОЕ ПРЕДПРИЯТИЕ АТОМНОГО ФЛОТА;Damen Shipyards Gorinchem B.V.;;32110501454;512631;769463467;30.07.2021;14.12.2022;0;0;223-ФЗ;;82;121;82;0;;;;;;;;;;;;;;;;;;;;;;;;;;;;;;;;;;;;;;;;;;;;;;;;;;;;;;;;
32110502103;26.07.2021;223-ФЗ;Закупка у единственного поставщика;Право заключения контракта на выполнение работ по строительству и поставке портового буксира ледового класса ARC4 (ОКПД 2 - 30.11.32.113 «Буксиры портовые») (стр.  512632);ФЕДЕРАЛЬНОЕ ГОСУДАРСТВЕННОЕ УНИТАРНОЕ ПРЕДПРИЯТИЕ АТОМНОГО ФЛОТА;1;анализ рынка ст.4 223-ФЗ ;769463467;769463467.2;;3;3;769463467;795009781;956956219;;;;;;;;840476489.1;769463467.2;956956218.7;101679885.4;0.12;223-ФЗ;840476489.1;;Закупка завершена;ЕП;ЕП;ЕП;;Damen Shipyards Gorinchem B.V.;;;;;;;;;;;;;;;;;ФЕДЕРАЛЬНОЕ ГОСУДАРСТВЕННОЕ УНИТАРНОЕ ПРЕДПРИЯТИЕ АТОМНОГО ФЛОТА;Damen Shipyards Gorinchem B.V.;;32110502103;512632;769463467;30.07.2021;14.12.2022;0;0;223-ФЗ;;83;;83;0;;;;;;;;;;;;;;;;;;;;;;;;;;;;;;;;;;;;;;;;;;;;;;;;;;;;;;;;
32110502355;26.07.2021;223-ФЗ;Закупка у единственного поставщика;Право заключения контракта на выполнение работ по строительству и поставке портового буксира ледового класса ARC4 (ОКПД 2 - 30.11.32.113 «Буксиры портовые») (стр.  512633);ФЕДЕРАЛЬНОЕ ГОСУДАРСТВЕННОЕ УНИТАРНОЕ ПРЕДПРИЯТИЕ АТОМНОГО ФЛОТА;1;анализ рынка ст.4 223-ФЗ ;769463467;769463467.2;;3;3;769463467;795009781;956956219;;;;;;;;840476489.1;769463467.2;956956218.7;101679885.4;0.12;223-ФЗ;840476489.1;;Закупка завершена;ЕП;ЕП;ЕП;;Damen Shipyards Gorinchem B.V.;;;;;;;;;;;;;;;;;ФЕДЕРАЛЬНОЕ ГОСУДАРСТВЕННОЕ УНИТАРНОЕ ПРЕДПРИЯТИЕ АТОМНОГО ФЛОТА;Damen Shipyards Gorinchem B.V.;;32110502355;512633;769463467;30.07.2021;14.12.2022;0;0;223-ФЗ;;84;;84;0;;;;;;;;;;;;;;;;;;;;;;;;;;;;;;;;;;;;;;;;;;;;;;;;;;;;;;;;
32110502413;26.07.2021;223-ФЗ;Закупка у единственного поставщика;Право заключения контракта на выполнение работ по строительству и поставке портового буксира ледового класса ARC4 (ОКПД 2 - 30.11.32.113 «Буксиры портовые») (стр.  512634);ФЕДЕРАЛЬНОЕ ГОСУДАРСТВЕННОЕ УНИТАРНОЕ ПРЕДПРИЯТИЕ АТОМНОГО ФЛОТА;1;анализ рынка ст.4 223-ФЗ ;769463467;769463467.2;;3;3;769463467;795009781;956956219;;;;;;;;840476489.1;769463467.2;956956218.7;101679885.4;0.12;223-ФЗ;840476489.1;;Закупка завершена;ЕП;ЕП;ЕП;;Damen Shipyards Gorinchem B.V.;;;;;;;;;;;;;;;;;ФЕДЕРАЛЬНОЕ ГОСУДАРСТВЕННОЕ УНИТАРНОЕ ПРЕДПРИЯТИЕ АТОМНОГО ФЛОТА;Damen Shipyards Gorinchem B.V.;;32110502413;512634;769463467;30.07.2021;14.12.2022;0;0;223-ФЗ;;85;;85;0;;;;;;;;;;;;;;;;;;;;;;;;;;;;;;;;;;;;;;;;;;;;;;;;;;;;;;;;
32110484691;20.07.2021;223-ФЗ;Открытый конкурс;Открытый конкурс ( ЦА 43-21) по выбору организации на право заключения договора на выполнение работ по строительству буксира для нужд ФГУП «Росморпорт»;"ФЕДЕРАЛЬНОЕ ГОСУДАРСТВЕННОЕ УНИТАРНОЕ ПРЕДПРИЯТИЕ ""РОСМОРПОРТ""";1;анализ рынка ст.4 223-ФЗ ;604792000;604792000;14.07.2021;3;3;604792000;1100000000;625000000;;;;;;;;776597333.3;604792000;1100000000;280257122;0.36;223-ФЗ;776597333.3;;«Исполнение прекращено - расторжение»;1;1;0;596420820;Damen Shipyards Gorinchem B.V.;;;;;;;;;;;;;;;;;"ФЕДЕРАЛЬНОЕ ГОСУДАРСТВЕННОЕ УНИТАРНОЕ ПРЕДПРИЯТИЕ ""РОСМОРПОРТ";Damen Shipyards Gorinchem B.V.;;32110484691;277/ОПЭД-21;566675960;15.10.2021;15.03.2023;38116040;0.06;223-ФЗ;;86;;86;0.063;;;;;;;;;;;;;;;;;;;;;;;;;;;;;;;;;;;;;;;;;;;;;;;;;;;;;;;;
1.731E+17;08.07.2021;44-ФЗ;Закрытый аукцион;Поставка «Проект 705бм – рейдовый буксир для восточного региона (сдача 1 единицы в 2023 году, 1 единицы в 2025 году)»;МИНИСТЕРСТВО ОБОРОНЫ РОССИЙСКОЙ ФЕДЕРАЦИИ;2;закрытый аукцион;477515870;238757935.1;;0;0;;;;;;;;;;;0;0;0;0;;44-ФЗ;0;;Подача заявок;1;0;0;;;;;;;;;;;;;;;;;;;МИНИСТЕРСТВО ОБОРОНЫ РОССИЙСКОЙ ФЕДЕРАЦИИ;;;;;;;;0;0;44-ФЗ;;87;;-;;;;;;;;;;;;;;;;;;;;;;;;;;;;;;;;;;;;;;;;;;;;;;;;;;;;;;;;;
3.481E+17;06.07.2021;44-ФЗ;Электронный аукцион;Пожарный катер;"ФЕДЕРАЛЬНОЕ КАЗЕННОЕ УЧРЕЖДЕНИЕ ""ЦЕНТРАЛЬНАЯ БАЗА ИЗМЕРИТЕЛЬНОЙ ТЕХНИКИ МИНИСТЕРСТВА РОССИЙСКОЙ ФЕДЕРАЦИИ ПО ДЕЛАМ ГРАЖДАНСКОЙ ОБОРОНЫ, ЧРЕЗВЫЧАЙНЫМ СИТУАЦИЯМ И ЛИКВИДАЦИИ ПОСЛЕДСТВИЙ СТИХИЙНЫХ БЕДСТВИЙ""";2;анализ рынка ст.22 44-ФЗ ;233800000;116900000;;2;2;150590000;136900000;;;;;;;;;143745000;136900000;150590000;9680291.83;0.07;44-ФЗ;143745000;;Контракт расторгнут;3;3;0;209251000;"ОБЩЕСТВО С ОГРАНИЧЕННОЙ ОТВЕТСТВЕННОСТЬЮ ""КИНГИСЕППСКИЙ МАШИНОСТРОИТЕЛЬНЫЙ ЗАВОД""";;210420000;"АКЦИОНЕРНОЕ ОБЩЕСТВО ""КОСТРОМСКОЙ СУДОМЕХАНИЧЕСКИЙ ЗАВОД""";;233799999;"ОБЩЕСТВО С ОГРАНИЧЕННОЙ ОТВЕТСТВЕННОСТЬЮ ""КРАСТ""";;;;;;;;;;;"ФЕДЕРАЛЬНОЕ КАЗЕННОЕ УЧРЕЖДЕНИЕ ""ЦЕНТРАЛЬНАЯ БАЗА ИЗМЕРИТЕЛЬНОЙ ТЕХНИКИ МИНИСТЕРСТВА РОССИЙСКОЙ ФЕДЕРАЦИИ ПО ДЕЛАМ ГРАЖДАНСКОЙ ОБОРОНЫ, ЧРЕЗВЫЧАЙНЫМ СИТУАЦИЯМ И ЛИКВИДАЦИИ ПОСЛЕДСТВИЙ СТИХИЙНЫХ БЕДСТВИЙ""";"ОБЩЕСТВО С ОГРАНИЧЕННОЙ ОТВЕТСТВЕННОСТЬЮ ""КИНГИСЕППСКИЙ МАШИНОСТРОИТЕЛЬНЫЙ ЗАВОД""";;;2122177101922000000000000/192;209251000;12.11.2021;20.03.2023;24549000;0.11;44-ФЗ;;88;;88;0.105;;;;;;;;;;;;;;;;;;;;;;;;;;;;;;;;;;;;;;;;;;;;;;;;;;;;;;;;
32110430402;29.06.2021;223-ФЗ;Запрос предложений;Поставка разъездного маломерного судна;"АКЦИОНЕРНОЕ ОБЩЕСТВО ""СРЕДНЕ-НЕВСКИЙ СУДОСТРОИТЕЛЬНЫЙ ЗАВОД""";2;анализ рынка ст.4 223-ФЗ ;26900000;13450000;;1;1;;;;;;;;;;;0;0;0;0;;223-ФЗ;0;;Несостоявшаяся закупкка;0;0;0;не подано предложений;не подано предложений;не подано предложений;не подано предложений;не подано предложений;не подано предложений;не подано предложений;не подано предложений;не подано предложений;не подано предложений;не подано предложений;не подано предложений;не подано предложений;не подано предложений;не подано предложений;не подано предложений;;;"АКЦИОНЕРНОЕ ОБЩЕСТВО ""СРЕДНЕ-НЕВСКИЙ СУДОСТРОИТЕЛЬНЫЙ ЗАВОД""";;;32110430402;;;;;0;0;223-ФЗ;;89;;-;;;;;;;;;;;;;;;;;;;;;;;;;;;;;;;;;;;;;;;;;;;;;;;;;;;;;;;;;
1.711E+17;24.06.2021;44-ФЗ;Электронный аукцион;Поставка маломерного судна особой конструкции (аэробот) (УБВО);ГЛАВНОЕ УПРАВЛЕНИЕ МИНИСТЕРСТВА РОССИЙСКОЙ ФЕДЕРАЦИИ ПО ДЕЛАМ ГРАЖДАНСКОЙ ОБОРОНЫ, ЧРЕЗВЫЧАЙНЫМ СИТУАЦИЯМ И ЛИКВИДАЦИИ ПОСЛЕДСТВИЙ СТИХИЙНЫХ БЕДСТВИЙ ПО ЯРОСЛАВСКОЙ ОБЛАСТИ;1;анализ рынка ст.22 44-ФЗ ;8800000;8800000;;3;3;8700000;8800000;8900000;;;;;;;;8800000;8700000;8900000;100000;0.01;44-ФЗ;8800000;;Исполнение завершено;1;1;0;8800000;"ОБЩЕСТВО С ОГРАНИЧЕННОЙ ОТВЕТСТВЕННОСТЬЮ ""СЕВЕРБОАТ""";;;;;;;;;;;;;;;;;ГЛАВНОЕ УПРАВЛЕНИЕ МИНИСТЕРСТВА РОССИЙСКОЙ ФЕДЕРАЦИИ ПО ДЕЛАМ ГРАЖДАНСКОЙ ОБОРОНЫ, ЧРЕЗВЫЧАЙНЫМ СИТУАЦИЯМ И ЛИКВИДАЦИИ ПОСЛЕДСТВИЙ СТИХИЙНЫХ БЕДСТВИЙ ПО ЯРОСЛАВСКОЙ ОБЛАСТИ;"ОБЩЕСТВО С ОГРАНИЧЕННОЙ ОТВЕТСТВЕННОСТЬЮ ""СЕВЕРБОАТ""";70987512;17604071046 21 000063;87;8800000;13.07.2021;30.10.2021;0;0;44-ФЗ;;90;;90;0;;;;;;;;;;;;;;;;;;;;;;;;;;;;;;;;;;;;;;;;;;;;;;;;;;;;;;;;
5.721E+17;22.06.2021;44-ФЗ;Электронный аукцион;Строительство головного гидрографического лоцмейстерского судна ледового класса Arc7;ФЕДЕРАЛЬНОЕ ГОСУДАРСТВЕННОЕ УНИТАРНОЕ ГИДРОГРАФИЧЕСКОЕ ПРЕДПРИЯТИЕ;1;расчетный;7067180000;7067180000;;0;0;;;;;;;;;;;0;0;0;0;;44-ФЗ;0;;Несостоявшаяся закупкка;0;0;0;не подано предложений;;;;;;;;;;;;;;;;;;ФЕДЕРАЛЬНОЕ ГОСУДАРСТВЕННОЕ УНИТАРНОЕ ГИДРОГРАФИЧЕСКОЕ ПРЕДПРИЯТИЕ;;;;;;;;0;0;44-ФЗ;;91;;-;;;;;;;;;;;;;;;;;;;;;;;;;;;;;;;;;;;;;;;;;;;;;;;;;;;;;;;;;
1.382E+17;18.06.2021;44-ФЗ;Открытый конкурс в электронной форме;Строительство автомобильно-пассажирского парома для организации паромного сообщения через протоку «Озерная» в Усть-Камчатском муниципальном районе;МИНИСТЕРСТВО ТРАНСПОРТА И ДОРОЖНОГО СТРОИТЕЛЬСТВА КАМЧАТСКОГО КРАЯ;1;анализ рынка ст.22 44-ФЗ ;495000000;495000000;22.01.2021;3;3;495100000;465200000;525000000;;;;;;;;495100000;465200000;525000000;29900000;0.06;44-ФЗ;495100000;;Определение поставщика завершено;3;3;0;493200000;"ОБЩЕСТВО С ОГРАНИЧЕННОЙ ОТВЕТСТВЕННОСТЬЮ ""ЛИВАДИЙСКИЙ РЕМОНТНО-СУДОСТРОИТЕЛЬНЫЙ ЗАВОД""";;495000000;"OБЩECTBO C ОГPAHИЧEHHOЙ OTBETCTBEHHOCTЬЮ ""?PИMTEXCEPBИC""";;494184000;"AKЦИOHEPHOE OБЩECTBO ""XAБAPOBCKИЙ CУДOCTPOИTEЛЬHЬIИ 3ABOД""";;;;;;;;;;;МИНИСТЕРСТВО ТРАНСПОРТА И ДОРОЖНОГО СТРОИТЕЛЬСТВА КАМЧАТСКОГО КРАЯ;"ОБЩЕСТВО С ОГРАНИЧЕННОЙ ОТВЕТСТВЕННОСТЬЮ ""ЛИВАДИЙСКИЙ РЕМОНТНО-СУДОСТРОИТЕЛЬНЫЙ ЗАВОД""";;; 08-2021;493200000;02.08.2021;;1800000;0;44-ФЗ;;92;;92;0.0036;;;;44849;;;;;;;;;;;;;;;;;;;;;;;;;;;;;;;;;;;;;;;;;;;;;;;;;;;;
3.731E+17;18.06.2021;44-ФЗ;Открытый конкурс в электронной форме;Строительство многофункциональных аварийно-спасательных судов ледового класса. Многофункциональное аварийно-спасательное судно мощностью 18 МВт. Проект IBSV02;"ФЕДЕРАЛЬНОЕ КАЗЕННОЕ УЧРЕЖДЕНИЕ ""ДИРЕКЦИЯ ГОСУДАРСТВЕННОГО ЗАКАЗЧИКА ПРОГРАММ РАЗВИТИЯ МОРСКОГО ТРАНСПОРТА""";1;анализ рынка ст.22 44-ФЗ ;13296800000;13296800000;11.06.2021;3;3;13300000000;15810272001;15730000000;;;;;;;;14946757334;13300000000;15810272001;1426698351;0.1;44-ФЗ;14946757334;13296800000;Определение поставщика завершено;1;1;0;13296800000;"ПРЕДСТАВИТЕЛЬСТВО ""СЕФИНЕ ДЕНИЗДЖИЛИК ТЕРСАНЕДЖИЛИК ТУРИЗМ САНАЙИ ВЕ ТИДЖАРЕТ А.Ш.""";;;;;;;;;;;;;;;;;"ФЕДЕРАЛЬНОЕ КАЗЕННОЕ УЧРЕЖДЕНИЕ ""ДИРЕКЦИЯ ГОСУДАРСТВЕННОГО ЗАКАЗЧИКА ПРОГРАММ РАЗВИТИЯ МОРСКОГО ТРАНСПОРТА""";"ПРЕДСТАВИТЕЛЬСТВО ""СЕФИНЕ ДЕНИЗДЖИЛИК ТЕРСАНЕДЖИЛИК ТУРИЗМ САНАЙИ ВЕ ТИДЖАРЕТ А.Ш.""";;;;;;;0;0;44-ФЗ;;93;;-;;;;;;;;;;;;;;;;;;;;;;;;;;;;;;;;;;;;;;;;;;;;;;;;;;;;;;;;;
1.0206E+18;18.06.2021;44-ФЗ;Электронный аукцион;судно для перевозки пассажиров;"МУНИЦИПАЛЬНОЕ АВТОНОМНОЕ УЧРЕЖДЕНИЕ ""РАСЧЁТНО-КАССОВЫЙ ЦЕНТР"" ГОРОДСКОГО ОКРУГА ЗАТО ГОРОД ФОКИНО";1;проектно-сметный;7000000;7000000;;0;0;;;;;;;;;;;0;0;0;0;;44-ФЗ;0;;Определение поставщика завершено;1;1;0;;"ОБЩЕСТВО С ОГРАНИЧЕННОЙ ОТВЕТСТВЕННОСТЬЮ ""СУДОСТРОЕНИЕ СУДОРЕМОНТ""";;;;;;;;;;;;;;;;;"МУНИЦИПАЛЬНОЕ АВТОНОМНОЕ УЧРЕЖДЕНИЕ ""РАСЧЁТНО-КАССОВЫЙ ЦЕНТР"" ГОРОДСКОГО ОКРУГА ЗАТО ГОРОД ФОКИНО";"ОБЩЕСТВО С ОГРАНИЧЕННОЙ ОТВЕТСТВЕННОСТЬЮ ""СУДОСТРОЕНИЕ СУДОРЕМОНТ""";;;5;7000000;12.07.2021;;0;0;44-ФЗ;;94;;94;0;;;;;;;;;;;;;;;;;;;;;;;;;;;;;;;;;;;;;;;;;;;;;;;;;;;;;;;;
32110391630;17.06.2021;223-ФЗ;Открытый конкурс (до 01.07.18);Поставка маломерных судов для нужд ФГБУ «АМП Западной Арктики»;"ФЕДЕРАЛЬНОЕ ГОСУДАРСТВЕННОЕ БЮДЖЕТНОЕ УЧРЕЖДЕНИЕ ""АДМИНИСТРАЦИЯ МОРСКИХ ПОРТОВ ЗАПАДНОЙ АРКТИКИ""";2;анализ рынка ст.4 223-ФЗ ;208528333;104264166.7;;3;3;208510000;208543000;208532000;;;;;;;;208528333.3;208510000;208543000;16802.78;0;223-ФЗ;208528333.3;;Закупка завершена;1;1;0;208528333.3;"Общество с ограниченной ответственностью
«Торговая компания
«Сильвер СевероЗапад»";;;;;;;;;;;;;;;;;"ФЕДЕРАЛЬНОЕ ГОСУДАРСТВЕННОЕ БЮДЖЕТНОЕ УЧРЕЖДЕНИЕ ""АДМИНИСТРАЦИЯ МОРСКИХ ПОРТОВ ЗАПАДНОЙ АРКТИКИ""";"Общество с ограниченной ответственностью
«Торговая компания
«Сильвер СевероЗапад»";;32110391630;206;208528333;03.08.2021;24.12.2021;0;0;223-ФЗ;;95;;95;0;;;;;;;;;;;;;;;;;;;;;;;;;;;;;;;;;;;;;;;;;;;;;;;;;;;;;;;;
32110380691;11.06.2021;223-ФЗ;Закупка у единственного поставщика;Сухогрузное судно проекта RSD59;"АКЦИОНЕРНОЕ ОБЩЕСТВО ""ГОСУДАРСТВЕННАЯ ТРАНСПОРТНАЯ ЛИЗИНГОВАЯ КОМПАНИЯ""";11;нет данных;12870000000;1170000000;;0;0;;;;;;;;;;;0;0;0;0;;223-ФЗ;0;;Закупка завершена;1;0;0;;ПАО «Завод «Красное Сормово»;;;;;;;;;;;;;;;;;"АКЦИОНЕРНОЕ ОБЩЕСТВО ""ГОСУДАРСТВЕННАЯ ТРАНСПОРТНАЯ ЛИЗИНГОВАЯ КОМПАНИЯ""";ПАО «Завод «Красное Сормово»;;32110380691;ЗКС-0691;12870000000;16.06.2021;31.10.2022;0;0;223-ФЗ;;96;;96;0;;6031;Николай Орлов;44418;44610;45016;6032;Александр Пятов;44428;ок. 03.2022;44868;6033;Александр Удалов;44515;44652;2023;6034;Николай Анищенков;44510;44671;;6035;Вячеслав Пайщиков;44530;44706;;6036;Иван Белов;44545;44750;;6037;Стр.06037;44586;44806;;6038;Стр.06038;44607;44875;;6039;Михаил Юрьев;44622;ок. 12.2022;;6040;Дмитрий Бенардаки;2022;44979;;;;;;
3.241E+17;09.06.2021;44-ФЗ;Электронный аукцион;Приобретение в собственность Российской Федерации недвижимого имущества (самоходного роторно-ковшевого земснаряда  с фрезерным рыхлителем) на условиях  финансовой аренды (лизинга);"ФЕДЕРАЛЬНОЕ БЮДЖЕТНОЕ УЧРЕЖДЕНИЕ ""АДМИНИСТРАЦИЯ СЕВЕРО-ДВИНСКОГО БАССЕЙНА ВНУТРЕННИХ ВОДНЫХ ПУТЕЙ""";2;анализ рынка ст.22 44-ФЗ ;3535814640;1767907320;27.05.2021;5;2;3535814640;3705724200;;;;;;;;;3620769420;3535814640;3705724200;120144202.1;0.03;44-ФЗ;3620769420;;Несостоявшаяся закупкка;0;0;0;не подано предложений;;;;;;;;;;;;;;;;;;"ФЕДЕРАЛЬНОЕ БЮДЖЕТНОЕ УЧРЕЖДЕНИЕ ""АДМИНИСТРАЦИЯ СЕВЕРО-ДВИНСКОГО БАССЕЙНА ВНУТРЕННИХ ВОДНЫХ ПУТЕЙ""";;;;;;;;0;0;44-ФЗ;;97;;-;;;;;210170;Санкт-Петербург;;;;;;;;;;;;;;;;;;;;;;;;;;;;;;;;;;;;;;;;;;;;;;;;;;;
3.731E+17;02.06.2021;44-ФЗ;Открытый конкурс в электронной форме;Выполнение строительных работ по объекту «Строительство многофункциональных аварийно-спасательных судов ледового класса. Буксирно-спасательное судно ледового класса Arc4. Проект NE025»;"ФЕДЕРАЛЬНОЕ ГОСУДАРСТВЕННОЕ БЮДЖЕТНОЕ УЧРЕЖДЕНИЕ ""МОРСКАЯ СПАСАТЕЛЬНАЯ СЛУЖБА""";5;анализ рынка ст.22 44-ФЗ ;2600000000;520000000;17.05.2021;3;3;2674330000;3100000000;3250000000;;;;;;;;3008110000;2674330000;3250000000;298633247.1;0.1;44-ФЗ;3008110000;2600000000;Определение поставщика завершено;1;1;0;2590000000;"АКЦИОНЕРНОЕ ОБЩЕСТВО ""ОКСКАЯ СУДОВЕРФЬ""";;;;;;;;;;;;;;;;;"ФЕДЕРАЛЬНОЕ ГОСУДАРСТВЕННОЕ БЮДЖЕТНОЕ УЧРЕЖДЕНИЕ ""МОРСКАЯ СПАСАТЕЛЬНАЯ СЛУЖБА""";"АКЦИОНЕРНОЕ ОБЩЕСТВО ""ОКСКАЯ СУДОВЕРФЬ""";;;МСС-358/2021;2590000000;23.07.2021;;10000000;0;44-ФЗ;;98;;98;0.0038;;32502;Тепсей;44546;45070;;2503;Печак;44546;45105;;2504;Стр.02504;44546;;;2505;Стр.2505;44546;;;;;;;;;;;;;;;;;;;;;;;;;;;;;;;;;;;;;
3.731E+17;25.05.2021;44-ФЗ;Закрытый аукцион;Закупка катера БЛ-860К (спецификация 2) для обеспечения государственных нужд в 2021 году;"ФЕДЕРАЛЬНОЕ ГОСУДАРСТВЕННОЕ КАЗЕННОЕ УЧРЕЖДЕНИЕ ""ВОЙСКОВАЯ ЧАСТЬ 55056"" ";3;нет данных;62767508;20922502.69;;0;0;;;;;;;;;;;0;0;0;0;;44-ФЗ;0;;Подача заявок;0;0;0;не подано предложений;;;;;;;;;;;;;;;;;;;;;;;;;;0;0;44-ФЗ;;99;;-;;;;;;;;;;;;;;;;;;;;;;;;;;;;;;;;;;;;;;;;;;;;;;;;;;;;;;;;;
5.721E+17;25.05.2021;44-ФЗ;Электронный аукцион;Строительство головного гидрографического лоцмейстерского судна ледового класса Arc7;ФЕДЕРАЛЬНОЕ ГОСУДАРСТВЕННОЕ УНИТАРНОЕ ГИДРОГРАФИЧЕСКОЕ ПРЕДПРИЯТИЕ;1;расчетный;7067180000;7067180000;;0;0;;;;;;;;;;;0;0;0;0;;44-ФЗ;0;;электронный аукцион признан несостоявшимся;0;0;0;не подано предложений;;;;;;;;;;;;;;;;;;ФЕДЕРАЛЬНОЕ ГОСУДАРСТВЕННОЕ УНИТАРНОЕ ГИДРОГРАФИЧЕСКОЕ ПРЕДПРИЯТИЕ;;;;;;;;0;0;44-ФЗ;;100;;-;;;;;;;;;;;;;;;;;;;;;;;;;;;;;;;;;;;;;;;;;;;;;;;;;;;;;;;;;
3.481E+17;21.05.2021;44-ФЗ;Электронный аукцион;Маломерное судно класса «М»;"ФЕДЕРАЛЬНОЕ КАЗЕННОЕ УЧРЕЖДЕНИЕ ""ЦЕНТРАЛЬНАЯ БАЗА ИЗМЕРИТЕЛЬНОЙ ТЕХНИКИ МИНИСТЕРСТВА РОССИЙСКОЙ ФЕДЕРАЦИИ ПО ДЕЛАМ ГРАЖДАНСКОЙ ОБОРОНЫ, ЧРЕЗВЫЧАЙНЫМ СИТУАЦИЯМ И ЛИКВИДАЦИИ ПОСЛЕДСТВИЙ СТИХИЙНЫХ БЕДСТВИЙ""";4;ПП РФ от 02.12.2017 1465 ;92000000;23000000;;2;2;91540000;91540000;;;;;;;;;91540000;91540000;91540000;0;0;44-ФЗ;91540000;;Определение поставщика завершено;2;2;0;91540000;"ОБЩЕСТВО С ОГРАНИЧЕННОЙ ОТВЕТСТВЕННОСТЬЮ ""ЛЕНИНГРАДСКИЙ ЗАВОД ТОЧНОГО МАШИНОСТРОЕНИЯ""";;91540000;"ОБЩЕСТВО С ОГРАНИЧЕННОЙ ОТВЕТСТВЕННОСТЬЮ ""КИНГИСЕППСКИЙ МАШИНОСТРОИТЕЛЬНЫЙ ЗАВОД""";;;;;;;;;;;;;;"ФЕДЕРАЛЬНОЕ КАЗЕННОЕ УЧРЕЖДЕНИЕ ""ЦЕНТРАЛЬНАЯ БАЗА ИЗМЕРИТЕЛЬНОЙ ТЕХНИКИ МИНИСТЕРСТВА РОССИЙСКОЙ ФЕДЕРАЦИИ ПО ДЕЛАМ ГРАЖДАНСКОЙ ОБОРОНЫ, ЧРЕЗВЫЧАЙНЫМ СИТУАЦИЯМ И ЛИКВИДАЦИИ ПОСЛЕДСТВИЙ СТИХИЙНЫХ БЕДСТВИЙ""";"ОБЩЕСТВО С ОГРАНИЧЕННОЙ ОТВЕТСТВЕННОСТЬЮ ""ЛЕНИНГРАДСКИЙ ЗАВОД ТОЧНОГО МАШИНОСТРОЕНИЯ""";;;2121177101702000000000000/170;91390000;13.09.2021;;610000;0.01;44-ФЗ;;101;;101;0.0066;;;;;;;;;;;;;;;;;;;;;;;;;;;;;;;;;;;;;;;;;;;;;;;;;;;;;;;;
1.0206E+18;21.05.2021;44-ФЗ;Электронный аукцион;судно для перевозки пассажиров;"МУНИЦИПАЛЬНОЕ АВТОНОМНОЕ УЧРЕЖДЕНИЕ ""РАСЧЁТНО-КАССОВЫЙ ЦЕНТР"" ГОРОДСКОГО ОКРУГА ЗАТО ГОРОД ФОКИНО";1;нет данных;7000000;7000000;;0;0;;;;;;;;;;;0;0;0;0;;44-ФЗ;0;;электронный аукцион признан несостоявшимся;0;0;0;не подано предложений;;;;;;;;;;;;;;;;;;"МУНИЦИПАЛЬНОЕ АВТОНОМНОЕ УЧРЕЖДЕНИЕ ""РАСЧЁТНО-КАССОВЫЙ ЦЕНТР"" ГОРОДСКОГО ОКРУГА ЗАТО ГОРОД ФОКИНО";;;;;;;;0;0;44-ФЗ;;102;;-;;;;;;;;;;;;;;;;;;;;;;;;;;;;;;;;;;;;;;;;;;;;;;;;;;;;;;;;;
3.481E+17;19.05.2021;44-ФЗ;Электронный аукцион;Маломерное судно длиной до 5 метров;"ФЕДЕРАЛЬНОЕ КАЗЕННОЕ УЧРЕЖДЕНИЕ ""ЦЕНТРАЛЬНАЯ БАЗА ИЗМЕРИТЕЛЬНОЙ ТЕХНИКИ МИНИСТЕРСТВА РОССИЙСКОЙ ФЕДЕРАЦИИ ПО ДЕЛАМ ГРАЖДАНСКОЙ ОБОРОНЫ, ЧРЕЗВЫЧАЙНЫМ СИТУАЦИЯМ И ЛИКВИДАЦИИ ПОСЛЕДСТВИЙ СТИХИЙНЫХ БЕДСТВИЙ""";39;ПП РФ от 02.12.2017 1465 ;148200000;3800000;;4;4;118560000;118560000;118560000;146718000;;;;;;;125599500;118560000;146718000;14079000;0.11;44-ФЗ;125599500;;Исполнение;5;3;2;118560000;"ОБЩЕСТВО С ОГРАНИЧЕННОЙ ОТВЕТСТВЕННОСТЬЮ ""КИНГИСЕППСКИЙ МАШИНОСТРОИТЕЛЬНЫЙ ЗАВОД";;;;;;;;;;;;;;;;;"ФЕДЕРАЛЬНОЕ КАЗЕННОЕ УЧРЕЖДЕНИЕ ""ЦЕНТРАЛЬНАЯ БАЗА ИЗМЕРИТЕЛЬНОЙ ТЕХНИКИ МИНИСТЕРСТВА РОССИЙСКОЙ ФЕДЕРАЦИИ ПО ДЕЛАМ ГРАЖДАНСКОЙ ОБОРОНЫ, ЧРЕЗВЫЧАЙНЫМ СИТУАЦИЯМ И ЛИКВИДАЦИИ ПОСЛЕДСТВИЙ СТИХИЙНЫХ БЕДСТВИЙ""";"ОБЩЕСТВО С ОГРАНИЧЕННОЙ ОТВЕТСТВЕННОСТЬЮ ""КИНГИСЕППСКИЙ МАШИНОСТРОИТЕЛЬНЫЙ ЗАВОД";70991856;;2121177101212000000000000/121;118560000;09.07.2021;31.12.2023 ;29640000;0.2;44-ФЗ;;103;;103;0.2;;;;;;;;;;;;;;;;;;;;;;;;;;;;;;;;;;;;;;;;;;;;;;;;;;;;;;;;
5.731E+17;18.05.2021;44-ФЗ;Открытый конкурс в электронной форме;"Выполнение строительных работ по объекту ""Ледокол мощностью 18 МВт ледового класса Icebreaker 7 для морских портов Северо-Западного (Балтийского) бассейна";"ФЕДЕРАЛЬНОЕ ГОСУДАРСТВЕННОЕ УНИТАРНОЕ ПРЕДПРИЯТИЕ ""РОСМОРПОРТ""";1;анализ рынка ст.22 44-ФЗ ;10502621100;10502621100;;3;3;10500000000;10350000000;10750000000;;;;;;;;10533333333;10350000000;10750000000;202072594.2;0.02;44-ФЗ;10533333333;;электронный аукцион признан несостоявшимся;0;0;0;не подано предложений;;;;;;;;;;;;;;;;;;"ФЕДЕРАЛЬНОЕ ГОСУДАРСТВЕННОЕ УНИТАРНОЕ ПРЕДПРИЯТИЕ ""РОСМОРПОРТ""";;;;;;;;0;0;44-ФЗ;;104;;-;;;;;;;;;;;;;;;;;;;;;;;;;;;;;;;;;;;;;;;;;;;;;;;;;;;;;;;;;
1.732E+17;13.05.2021;44-ФЗ;Электронный аукцион;"Выполнение работ по строительству ледокола-буксира для нужд ГУП ""Мосгортранс""";ДЕПАРТАМЕНТ ГОРОДА МОСКВЫ ПО КОНКУРЕНТНОЙ ПОЛИТИКЕ;1;затратный метод;173607885;173607884.6;25.12.2020;0;0;;;;;;;;;;;0;0;0;0;;44-ФЗ;0;;Исполнение завершено;1;1;0;173607884.6;"ОБЩЕСТВО С ОГРАНИЧЕННОЙ ОТВЕТСТВЕННОСТЬЮ ""БАЛАКОВСКИЙ СУДОСТРОИТЕЛЬНО-СУДОРЕМОНТНЫЙ ЗАВОД""";;;;;;;;;;;;;;;;;ДЕПАРТАМЕНТ ГОРОДА МОСКВЫ ПО КОНКУРЕНТНОЙ ПОЛИТИКЕ;"ОБЩЕСТВО С ОГРАНИЧЕННОЙ ОТВЕТСТВЕННОСТЬЮ ""БАЛАКОВСКИЙ СУДОСТРОИТЕЛЬНО-СУДОРЕМОНТНЫЙ ЗАВОД""";70236532;27705002602 21 000262;МГТ0133-21;173607885;07.06.2021;02.06.2022;0;0;44-ФЗ;;105;;105;0;;;;;;;;;;;;;;;;;;;;;;;;;;;;;;;;;;;;;;;;;;;;;;;;;;;;;;;;
3.731E+17;12.05.2021;44-ФЗ;Открытый конкурс в электронной форме;Строительство многофункциональных аварийно-спасательных судов ледового класса. Многофункциональное аварийно-спасательное судно мощностью 7 МВт. Проект MPSV06M;"ФЕДЕРАЛЬНОЕ КАЗЕННОЕ УЧРЕЖДЕНИЕ ""ДИРЕКЦИЯ ГОСУДАРСТВЕННОГО ЗАКАЗЧИКА ПРОГРАММ РАЗВИТИЯ МОРСКОГО ТРАНСПОРТА""";1;анализ рынка ст.22 44-ФЗ ;6951200000;6951200000;22.04.2021;3;3;6900000000;7425000000;7227386732;;;;;;;;7184128911;6900000000;7425000000;265159724.2;0.04;44-ФЗ;7184128911;;Определение поставщика завершено;1;1;0;6950793604;"АКЦИОНЕРНОЕ ОБЩЕСТВО ""ПРИБАЛТИЙСКИЙ СУДОСТРОИТЕЛЬНЫЙ ЗАВОД ""ЯНТАРЬ""";;;;;;;;;;;;;;;;;"ФЕДЕРАЛЬНОЕ КАЗЕННОЕ УЧРЕЖДЕНИЕ ""ДИРЕКЦИЯ ГОСУДАРСТВЕННОГО ЗАКАЗЧИКА ПРОГРАММ РАЗВИТИЯ МОРСКОГО ТРАНСПОРТА""";"АКЦИОНЕРНОЕ ОБЩЕСТВО ""ПРИБАЛТИЙСКИЙ СУДОСТРОИТЕЛЬНЫЙ ЗАВОД ""ЯНТАРЬ""";70578609;17702017400 21 000003;КИ-353-2021;6950793604;24.06.2021;30.01.2025;406396;0;44-ФЗ;;106;;106;0.0001;;;;;;;;;;;;;;;;;;;;;;;;;;;;;;;;;;;;;;;;;;;;;;;;;;;;;;;;
3.731E+17;11.05.2021;44-ФЗ;Открытый конкурс в электронной форме;Строительство многофункциональных аварийно-спасательных судов ледового класса. Многоцелевой морской буксир проекта Т3150;"ФЕДЕРАЛЬНОЕ КАЗЕННОЕ УЧРЕЖДЕНИЕ ""ДИРЕКЦИЯ ГОСУДАРСТВЕННОГО ЗАКАЗЧИКА ПРОГРАММ РАЗВИТИЯ МОРСКОГО ТРАНСПОРТА""";5;анализ рынка ст.22 44-ФЗ ;4240600000;848120000;16.04.2021;3;3;4650000000;4001165000;5500000000;;;;;;;;4717055000;4001165000;5500000000;751664066.6;0.16;44-ФЗ;4717055000;4240600000;Определение поставщика завершено;3;3;0;4049000000;"ПУБЛИЧНОЕ АКЦИОНЕРНОЕ ОБЩЕСТВО ""ЯРОСЛАВСКИЙ СУДОСТРОИТЕЛЬНЫЙ ЗАВОД""";;4035000000;"АКЦИОНЕРНОЕ ОБЩЕСТВО ""ОКСКАЯ СУДОВЕРФЬ""";;3920000000;"АКЦИОНЕРНОЕ ОБЩЕСТВО ""ЗЕЛЕНОДОЛЬСКИЙ ЗАВОД ИМЕНИ А.М. ГОРЬКОГО""";;;;;;;;;;;"ФЕДЕРАЛЬНОЕ КАЗЕННОЕ УЧРЕЖДЕНИЕ ""ДИРЕКЦИЯ ГОСУДАРСТВЕННОГО ЗАКАЗЧИКА ПРОГРАММ РАЗВИТИЯ МОРСКОГО ТРАНСПОРТА""";"АКЦИОНЕРНОЕ ОБЩЕСТВО ""ЗЕЛЕНОДОЛЬСКИЙ ЗАВОД ИМЕНИ А.М. ГОРЬКОГО""";70944116;17702017400 21 000004;КИ-354-2021;3920000000;12.07.2021;22.01.2025;320600000;0.08;44-ФЗ;;107;;107;0.0756;;;;;;;;;;;;;;;;;;;;;;;;;;;;;;;;;;;;;;;;;;;;;;;;;;;;;;;;
5.731E+17;10.05.2021;44-ФЗ;Открытый конкурс в электронной форме;"Выполнение строительных работ по объекту ""Строительство вспомогательного ледокола мощностью 12-14 МВт ледового класса  Icebreaker7 (2 ед.)""";"ФЕДЕРАЛЬНОЕ ГОСУДАРСТВЕННОЕ УНИТАРНОЕ ПРЕДПРИЯТИЕ ""РОСМОРПОРТ""";2;анализ рынка ст.22 44-ФЗ ;18533273300;9266636650;;3;3;18500000000;18550000000;18700000000;;;;;;;;18583333333;18500000000;18700000000;104083300;0.01;44-ФЗ;18583333333;18573684600;Определение поставщика завершено;1;1;0;18533273300;"АКЦИОНЕРНОЕ ОБЩЕСТВО ""ОНЕЖСКИЙ СУДОСТРОИТЕЛЬНО-СУДОРЕМОНТНЫЙ ЗАВОД""";;;;;;;;;;;;;;;;;"ФЕДЕРАЛЬНОЕ ГОСУДАРСТВЕННОЕ УНИТАРНОЕ ПРЕДПРИЯТИЕ ""РОСМОРПОРТ""";"АКЦИОНЕРНОЕ ОБЩЕСТВО ""ОНЕЖСКИЙ СУДОСТРОИТЕЛЬНО-СУДОРЕМОНТНЫЙ ЗАВОД""";70980593;17707516988 21 000023;233/ОПЭД-21;18533273300;13.07.2021;30.12.2024;0;0;44-ФЗ;;108;;108;0;;;;;;;;;;;;;;;;;;;;;;;;;;;;;;;;;;;;;;;;;;;;;;;;;;;;;;;;
3.731E+17;30.04.2021;44-ФЗ;Открытый конкурс в электронной форме;Строительство многофункциональных аварийно-спасательных судов ледового класса. Многофункциональное аварийно-спасательное судно мощностью 4 МВт. Проект MPSV07;"ФЕДЕРАЛЬНОЕ КАЗЕННОЕ УЧРЕЖДЕНИЕ ""ДИРЕКЦИЯ ГОСУДАРСТВЕННОГО ЗАКАЗЧИКА ПРОГРАММ РАЗВИТИЯ МОРСКОГО ТРАНСПОРТА""";1;анализ рынка ст.22 44-ФЗ ;4899400000;4899400000;13.04.2021;3;3;5310000000;4800000000;4900000000;;;;;;;;5003333333;4800000000;5310000000;270246800.8;0.05;44-ФЗ;5003333333;4899400000;Определение поставщика завершено;2;2;0;4698900000;"АКЦИОНЕРНОЕ ОБЩЕСТВО ""ЗЕЛЕНОДОЛЬСКИЙ ЗАВОД ИМЕНИ А.М. ГОРЬКОГО""";;4718121000;"АКЦИОНЕРНОЕ ОБЩЕСТВО
«ОБЪЕДИНЕННАЯ СУДОСТРОИТЕЛЬНАЯ
КОРПОРАЦИЯ»";;;;;;;;;;;;;;"ФЕДЕРАЛЬНОЕ КАЗЕННОЕ УЧРЕЖДЕНИЕ ""ДИРЕКЦИЯ ГОСУДАРСТВЕННОГО ЗАКАЗЧИКА ПРОГРАММ РАЗВИТИЯ МОРСКОГО ТРАНСПОРТА""";"АКЦИОНЕРНОЕ ОБЩЕСТВО ""ЗЕЛЕНОДОЛЬСКИЙ ЗАВОД ИМЕНИ А.М. ГОРЬКОГО""";70481165;17702017400 21 000002;КИ-352-2021;4698900000;21.06.2021;20.12.2024;200500000;0.04;44-ФЗ;;109;;109;0.0409;;;;;;;;;;;;;;;;;;;;;;;;;;;;;;;;;;;;;;;;;;;;;;;;;;;;;;;;
1.731E+17;29.04.2021;44-ФЗ;Открытый конкурс в электронной форме;"Закупка пассажирских судов на подводных крыльях СПК ""Валдай - 45Р"" для нужд Чувашской Республики за счет средств резервного фонда Правительства Российской Федерации (бюджетные инвестиции на приобретение объектов недвижимого имущества)";МИНИСТЕРСТВО ПРОМЫШЛЕННОСТИ И ТОРГОВЛИ РОССИЙСКОЙ ФЕДЕРАЦИИ;3;затратный метод;330000000;110000000;;0;0;;;;;;;;;;;0;0;0;0;;44-ФЗ;0;330000000;Исполнение завершено;1;1;0;330000000;"АКЦИОНЕРНОЕ ОБЩЕСТВО ""ЦЕНТРАЛЬНОЕ КОНСТРУКТОРСКОЕ БЮРО ПО СУДАМ НА ПОДВОДНЫХ КРЫЛЬЯХ ИМЕНИ Р.Е.АЛЕКСЕЕВА""";;;;;;;;;;;;;;;;;МИНИСТЕРСТВО ПРОМЫШЛЕННОСТИ И ТОРГОВЛИ РОССИЙСКОЙ ФЕДЕРАЦИИ;"АКЦИОНЕРНОЕ ОБЩЕСТВО ""ЦЕНТРАЛЬНОЕ КОНСТРУКТОРСКОЕ БЮРО ПО СУДАМ НА ПОДВОДНЫХ КРЫЛЬЯХ ИМЕНИ Р.Е.АЛЕКСЕЕВА""";70323204;17705596339 21 000066;21412.1840192016.09.001;330000000;11.06.2021;31.12.2021;0;0;44-ФЗ;;110;;110;0;;С-512;Александр Ежевский;;44421;44361;С-513;Мая Костина;;44439;44453;;;;;;;;;;;;;;;;;;;;;;;;;;;;;;;;;;;;;;;;;;;;;
32110216328;21.04.2021;223-ФЗ;Открытый конкурс;Сухогрузное судно проекта RSD59;"ОБЩЕСТВО С ОГРАНИЧЕННОЙ ОТВЕТСТВЕННОСТЬЮ ""ГТЛК - ФИНАНС"" ";11;нет данных;12870000000;1170000000;;0;0;;;;;;;;;;;0;0;0;0;;223-ФЗ;0;;«Исполнение прекращено - расторжение».;1;1;0;12870000000;ПАО «Завод «Красное Сормово»;;;;;;;;;;;;;;;;;"ОБЩЕСТВО С ОГРАНИЧЕННОЙ ОТВЕТСТВЕННОСТЬЮ ""САПФИР-7452""";ПАО «Завод «Красное Сормово»;;32110216328;ЗКС-0691;12870000000;31.05.2021;31.10.2022;0;0;223-ФЗ;;111;;-;;;;;;;;;;;;;;;;;;;;;;;;;;;;;;;;;;;;;;;;;;;;;;;;;;;;;;;;;
32110216494;21.04.2021;223-ФЗ;Открытый конкурс;Открытый конкурс ( ЦА 21-21) по выбору организации на право заключения договора на строительство судна с функциями нефтемусоросборщика для нужд ФГУП «Росморпорт»;"ФЕДЕРАЛЬНОЕ ГОСУДАРСТВЕННОЕ УНИТАРНОЕ ПРЕДПРИЯТИЕ ""РОСМОРПОРТ""";1;нет данных;150517500;150517500;;1;1;147432961;;;;;;;;;;147432960.5;147432960.5;147432960.5;0;;223-ФЗ;147432960.5;;«Исполнение прекращено - расторжение».;1;1;0;147432960.5;Damen Shipyards Gorinchem B.V.;;;;;;;;;;;;;;;;;"ФЕДЕРАЛЬНОЕ ГОСУДАРСТВЕННОЕ УНИТАРНОЕ ПРЕДПРИЯТИЕ ""РОСМОРПОРТ""";Damen Shipyards Gorinchem B.V.;;32110216494;201/ОПЭД-21;144449753;10.06.2021;10.10.2022;6067747;0.04;223-ФЗ;;112;;112;0.0403;;;;;;;;;;;;;;;;;;;;;;;;;;;;;;;;;;;;;;;;;;;;;;;;;;;;;;;;
3.731E+17;15.04.2021;44-ФЗ;Открытый конкурс в электронной форме;"Несамоходный землесос класса ""*О 2,0 (лед 10) А"" проекта  4395";"ФЕДЕРАЛЬНОЕ КАЗЕННОЕ УЧРЕЖДЕНИЕ ""РЕЧВОДПУТЬ""";4;анализ рынка ст.22 44-ФЗ ;3662800000;915700000;;4;4;3700000000;3900000000;3000000000;4144100000;;;;;;;3686025000;3000000000;4144100000;492085225.5;0.13;44-ФЗ;3686025000;3662800000;Определение поставщика завершено;4;4;0;3652800000;"ПУБЛИЧНОЕ АКЦИОНЕРНОЕ ОБЩЕСТВО ""СУДОРЕМОНТНО-СУДОСТРОИТЕЛЬНАЯ КОРПОРАЦИЯ""";;36593000000;АО «порт КОЛОМНА“;;3406404000;"АО ""ЗЕЛЕНОДОЛЬСКИЙ ЗАВОД ИМЕНИ А.М. Горького""";;3237000000;"АО ""ОКСКАЯ СУОВЕРФЬ“";;;;;;;;"ФЕДЕРАЛЬНОЕ КАЗЕННОЕ УЧРЕЖДЕНИЕ ""РЕЧВОДПУТЬ""";"ПУБЛИЧНОЕ АКЦИОНЕРНОЕ ОБЩЕСТВО ""СУДОРЕМОНТНО-СУДОСТРОИТЕЛЬНАЯ КОРПОРАЦИЯ""";;17707231510 21 000001;01Ф/07-ГК/2021;3652800000;26.07.2021;31.12.2024;10000000;0;44-ФЗ;;113;;113;0.0027;;;;;;;;;;;;;;;;;;;;;;;;;;;;;;;;;;;;;;;;;;;;;;;;;;;;;;;;
32110192592;14.04.2021;223-ФЗ;Открытый конкурс;Поставка маломерного судна для нужд ФГБУ «АМП Западной Арктики»;"ФЕДЕРАЛЬНОЕ ГОСУДАРСТВЕННОЕ БЮДЖЕТНОЕ УЧРЕЖДЕНИЕ ""АДМИНИСТРАЦИЯ МОРСКИХ ПОРТОВ ЗАПАДНОЙ АРКТИКИ""";1;анализ рынка ст.4 223-ФЗ ;60116667;60116666.67;;3;3;59950000;59500000;60900000;;;;;;;;60116666.67;59500000;60900000;714726.05;0.01;223-ФЗ;60116666.67;;Исполнение завершено;1;1;0;54040000;ООО «Озерная Верфь»;;;;;;;;;;;;;;;;;"ФЕДЕРАЛЬНОЕ ГОСУДАРСТВЕННОЕ БЮДЖЕТНОЕ УЧРЕЖДЕНИЕ ""АДМИНИСТРАЦИЯ МОРСКИХ ПОРТОВ ЗАПАДНОЙ АРКТИКИ""";ООО «Озерная Верфь»;;32110192592;166;54040000;03.06.2021; 30.07.2021;6076666.67;0.1;223-ФЗ;;114;;114;0.1011;;;;;;;;;;;;;;;;;;;;;;;;;;;;;;;;;;;;;;;;;;;;;;;;;;;;;;;;
3.731E+17;05.04.2021;44-ФЗ;Открытый конкурс в электронной форме;Строительство многофункциональных аварийно-спасательных судов ледового класса. Многофункциональный буксир-спасатель мощностью 2,5-3 МВт. Проект MPSV12.;"ФЕДЕРАЛЬНОЕ КАЗЕННОЕ УЧРЕЖДЕНИЕ ""ДИРЕКЦИЯ ГОСУДАРСТВЕННОГО ЗАКАЗЧИКА ПРОГРАММ РАЗВИТИЯ МОРСКОГО ТРАНСПОРТА""";1;анализ рынка ст.22 44-ФЗ ;2946500000;2946500000;;3;3;3530000000;4401647000;3147177000;;;;;;;;3692941333;3147177000;4401647000;642912244.3;0.17;44-ФЗ;3692941333;2946500000;Определение поставщика завершено;2;2;0;2925000000;"АКЦИОНЕРНОЕ ОБЩЕСТВО ""ОКСКАЯ СУДОВЕРФЬ""";;2946500000;"ОБЩЕСТВО С ОГРАНИЧЕННОЙ ОТВЕТСТВЕННОСТЬЮ «НЕВСКИЙ
СУДОСТРОИТЕЛЬНО-СУДОРЕМОНТНЫЙ ЗАВОД»";;;;;;;;;;;;;;"ФЕДЕРАЛЬНОЕ КАЗЕННОЕ УЧРЕЖДЕНИЕ ""ДИРЕКЦИЯ ГОСУДАРСТВЕННОГО ЗАКАЗЧИКА ПРОГРАММ РАЗВИТИЯ МОРСКОГО ТРАНСПОРТА""";"АКЦИОНЕРНОЕ ОБЩЕСТВО ""ОКСКАЯ СУДОВЕРФЬ""";70003820;17702017400 21 000001;КИ-351-2021;2925000000;28.05.2021;24.12.2024;21500000;0.01;44-ФЗ;;115;;115;0.007296793;;;;;;;;;;;;;;;;;;;;;;;;;;;;;;;;;;;;;;;;;;;;;;;;;;;;;;;;
3.731E+17;15.03.2021;44-ФЗ;Электронный аукцион;Поставка многофункционального земснаряда;"ФЕДЕРАЛЬНОЕ ГОСУДАРСТВЕННОЕ БЮДЖЕТНОЕ ВОДОХОЗЯЙСТВЕННОЕ УЧРЕЖДЕНИЕ ""ЦЕНТРРЕГИОНВОДХОЗ""";1;анализ рынка ст.22 44-ФЗ ;87600000;87599999.73;;3;3;88000000;87000000;87799999;;;;;;;;87599999.73;87000000;88000000;529150.11;0.01;44-ФЗ;87599999.73;;Исполнение завершено;2;2;0;86723999.73;"ОБЩЕСТВО С ОГРАНИЧЕННОЙ ОТВЕТСТВЕННОСТЬЮ ""МАШМЕТ""";;87161999.73;"ООО""ЗИС""";;;;;;;;;;;;;;"ФЕДЕРАЛЬНОЕ ГОСУДАРСТВЕННОЕ БЮДЖЕТНОЕ ВОДОХОЗЯЙСТВЕННОЕ УЧРЕЖДЕНИЕ ""ЦЕНТРРЕГИОНВОДХОЗ""";"ОБЩЕСТВО С ОГРАНИЧЕННОЙ ОТВЕТСТВЕННОСТЬЮ ""МАШМЕТ""";69075642;15008028127 21 000807;161;86724000;12.04.2021;31.01.2022;876000;0.01;44-ФЗ;;116;;116;0.01;;;;;;;;;;;;;;;;;;;;;;;;;;;;;;;;;;;;;;;;;;;;;;;;;;;;;;;;
1.0716E+18;15.03.2021;44-ФЗ;Электронный аукцион;Покупка объекта недвижимого имущества в муниципальную собственность - пассажирского судна;"МУНИЦИПАЛЬНОЕ АВТОНОМНОЕ УЧРЕЖДЕНИЕ ГОРОДСКОГО ОКРУГА ГОРОД РЫБИНСК ""ТУРИСТСКО-ИНФОРМАЦИОННЫЙ ЦЕНТР""";1;анализ рынка ст.22 44-ФЗ ;7000000;7000000;03.02.2021;5;5;12000000;12999999;10000000;10000000;7000000;;;;;;10399999.8;7000000;12999999;2302172.6;0.22;44-ФЗ;10399999.8;;Исполнение завершено;1;1;0;7000000;"АКЦИОНЕРНОЕ ОБЩЕСТВО ""УЛЬЯНОВСККУРОРТ""";;;;;;;;;;;;;;;;;"МУНИЦИПАЛЬНОЕ АВТОНОМНОЕ УЧРЕЖДЕНИЕ ГОРОДСКОГО ОКРУГА ГОРОД РЫБИНСК ""ТУРИСТСКО-ИНФОРМАЦИОННЫЙ ЦЕНТР""";"АКЦИОНЕРНОЕ ОБЩЕСТВО ""УЛЬЯНОВСККУРОРТ""";68947771;37610131110 21 000001;5;7000000;05.04.2021;31.12.2021 ;0;0;44-ФЗ;;117;;117;0;;;;;;;;;;;;;;;;;;;;;;;;;;;;;;;;;;;;;;;;;;;;;;;;;;;;;;;;
1.0716E+18;06.03.2021;44-ФЗ;Электронный аукцион;Покупка объекта недвижимого имущества в муниципальную собственность - пассажирского судна;"МУНИЦИПАЛЬНОЕ АВТОНОМНОЕ УЧРЕЖДЕНИЕ ГОРОДСКОГО ОКРУГА ГОРОД РЫБИНСК ""ТУРИСТСКО-ИНФОРМАЦИОННЫЙ ЦЕНТР""";1;анализ рынка ст.22 44-ФЗ ;7000000;7000000;03.02.2021;5;5;12000000;12999999;10000000;10000000;7000000;;;;;;10399999.8;7000000;12999999;2302172.6;0.22;44-ФЗ;10399999.8;;электронный аукцион признан несостоявшимся;0;0;0;не подано предложений;;;;;;;;;;;;;;;;;;"МУНИЦИПАЛЬНОЕ АВТОНОМНОЕ УЧРЕЖДЕНИЕ ГОРОДСКОГО ОКРУГА ГОРОД РЫБИНСК ""ТУРИСТСКО-ИНФОРМАЦИОННЫЙ ЦЕНТР";;;;;;;;0;0;44-ФЗ;;118;;-;;;;;;;;;;;;;;;;;;;;;;;;;;;;;;;;;;;;;;;;;;;;;;;;;;;;;;;;;
32110026807;25.02.2021;223-ФЗ;Закупка у единственного поставщика;Приобретение многоцелевого буксира-якорезаводчика;"ФЕДЕРАЛЬНОЕ ГОСУДАРСТВЕННОЕ БЮДЖЕТНОЕ УЧРЕЖДЕНИЕ ""МОРСКАЯ СПАСАТЕЛЬНАЯ СЛУЖБА""";1;нет данных;564296041;564296040.6;;1;1;;;;;;;;;;;0;0;0;0;;223-ФЗ;0;;Закупка завершена;1;1;0;564296040.6;Акционерное общество «Газпромбанк лизинг»;;;;;;;;;;;;;;;;;"ФЕДЕРАЛЬНОЕ ГОСУДАРСТВЕННОЕ БЮДЖЕТНОЕ УЧРЕЖДЕНИЕ ""МОРСКАЯ СПАСАТЕЛЬНАЯ СЛУЖБА""";Акционерное общество «Газпромбанк лизинг»;;32110026807;МСС-090/2021;564296041;28.02.2021;31.12.2021;0;0;223-ФЗ;;119;;119;0;;;;;;;;;;;;;;;;;;;;;;;;;;;;;;;;;;;;;;;;;;;;;;;;;;;;;;;;
32110004421;18.02.2021;223-ФЗ;Закупка у единственного поставщика (до 01.07.18);Поставка двухвинтового буксира ледового класса с поворотными движительно-рулевыми колонками, в количестве одной единицы;"АКЦИОНЕРНОЕ ОБЩЕСТВО ""НАХОДКИНСКИЙ МОРСКОЙ ТОРГОВЫЙ ПОРТ""";1;нет данных;524467070;524467070;;1;1;;;;;;;;;;;0;0;0;0;;223-ФЗ;0;;Закупка завершена;1;1;0;524467070;Damen Shipyards Gorinchem B.V.;;;;;;;;;;;;;;;;;"АКЦИОНЕРНОЕ ОБЩЕСТВО ""НАХОДКИНСКИЙ МОРСКОЙ ТОРГОВЫЙ ПОРТ""";Damen Shipyards Gorinchem B.V.;;32110004421;21-89/ПБ;524467070;26.02.2021;14.07.2021;0;0;223-ФЗ;;120;;120;0;;;;;;;;;;;;;;;;;;;;;;;;;;;;;;;;;;;;;;;;;;;;;;;;;;;;;;;;
32109982903;11.02.2021;223-ФЗ;Запрос котировок в электронной форме;Запрос котировок в электронной форме ( ЦА 04-21) по выбору организации на право заключения договора на выполнение работ по проектированию и строительству двух судов сборщиков льяльных вод для нужд ФГУП «Росморпорт»;"ФЕДЕРАЛЬНОЕ ГОСУДАРСТВЕННОЕ УНИТАРНОЕ ПРЕДПРИЯТИЕ ""РОСМОРПОРТ""";2;анализ рынка ст.4 223-ФЗ ;933000000;466500000;;2;2;867000000;888500000;;;;;;;;;877750000;867000000;888500000;15202795.8;0.02;223-ФЗ;877750000;;;2;2;0;867000000;АО «ОКСКАЯ СУДОВЕРФЬ»;;888500000;ЗАО «НЕФТЕФЛОТ» ;;;;;;;;;;;;;;"ФЕДЕРАЛЬНОЕ ГОСУДАРСТВЕННОЕ УНИТАРНОЕ ПРЕДПРИЯТИЕ ""РОСМОРПОРТ""";АО «ОКСКАЯ СУДОВЕРФЬ»;;32109982903;143/ОПЭД-21;867000000;16.04.2021;;66000000;0.07;223-ФЗ;;121;;121;0.07073955;;;;;;;;;;;;;;;;;;;;;;;;;;;;;;;;;;;;;;;;;;;;;;;;;;;;;;;;
32109917185;22.01.2021;223-ФЗ;Открытый конкурс в электронной форме;Право заключения договора на выполнение работ по строительству и поставку плавучего дока для ФГУП «Атомфлот»;ФЕДЕРАЛЬНОЕ ГОСУДАРСТВЕННОЕ УНИТАРНОЕ ПРЕДПРИЯТИЕ АТОМНОГО ФЛОТА;1;анализ рынка ст.4 223-ФЗ ;4983210000;4983210000;;3;3;4570000000;4450000000;4981210000;;;;;;;;4667070000;4450000000;4981210000;278591016.9;0.06;223-ФЗ;4667070000;;Закупка завершена;3;1;2;4570000000;"ООО ""СтройКапитал XX1""";;4450000000;EPIC DENIZCILIK VE GEMI INSAAT A.S.;;4981210000;"ООО ""ГОРОДСКАЯ НЕДВИЖИМОСТЬ ""АО «КУЗЕЙ СТАР ШИПЯРД 
ДЕНИЗДЖИЛИК САНАЙИ ВЕ ТИДЖАРЕТ АНОНИМ ШИРКЕТИ» ";;;;;;;;;;;ФЕДЕРАЛЬНОЕ ГОСУДАРСТВЕННОЕ УНИТАРНОЕ ПРЕДПРИЯТИЕ АТОМНОГО ФЛОТА;"ООО ""ГОРОДСКАЯ НЕДВИЖИМОСТЬ ""АО «КУЗЕЙ СТАР ШИПЯРД 
ДЕНИЗДЖИЛИК САНАЙИ ВЕ ТИДЖАРЕТ АНОНИМ ШИРКЕТИ» ";;32109917185;213/4104-Д;6395582000;07.06.2021;22.11.2023;-1412372000;-0.28;223-ФЗ;;122;;;;;;;;;;;;;;;;;;;;;;;;;;;;;;;;;;;;;;;;;;;;;;;;;;;;;;;;;;;
