Закупки по;Реестровый номер закупки;Тип закупки;Объект закупки;Предмет электронного аукциона (только для ПП РФ 615);Идентификационный код закупки;Номер лота;Заказчик закупки;НМЦК закупки;Валюта;Начальная (максимальная) цена в валюте контракта;Валюта контракта;Классификация по ОКДП;Классификация по ОКПД;Классификация по ОКПД2;Код позиции;Заказчик закупки;Заказчик закупки;Дата размещения закупки;Дата обновления;Этап закупки;Особенности размещения заказа\ Преимущества (44-ФЗ);Дата начала/подписания;Дата окончания/исполнения;Дата проведения электронного аукциона
№44-ФЗ;№0372200084223000040;Электронный аукцион;Выполнение работ по строительству спасательного маломерного моторного судна с прицепом для обеспечения деятельности Санкт-Петербургского государственного казенного учреждения «Поисково-спасательная служба Санкт-Петербурга»;;;1;"САНКТ-ПЕТЕРБУРГСКОЕ ГОСУДАРСТВЕННОЕ КАЗЕННОЕ УЧРЕЖДЕНИЕ ""ПОИСКОВО-СПАСАТЕЛЬНАЯ СЛУЖБА САНКТ-ПЕТЕРБУРГА""";12173709.99;RUB;;;;;;;"САНКТ-ПЕТЕРБУРГСКОЕ ГОСУДАРСТВЕННОЕ КАЗЕННОЕ УЧРЕЖДЕНИЕ ""ПОИСКОВО-СПАСАТЕЛЬНАЯ СЛУЖБА САНКТ-ПЕТЕРБУРГА""";"САНКТ-ПЕТЕРБУРГСКОЕ ГОСУДАРСТВЕННОЕ КАЗЕННОЕ УЧРЕЖДЕНИЕ ""ПОИСКОВО-СПАСАТЕЛЬНАЯ СЛУЖБА САНКТ-ПЕТЕРБУРГА""";14.04.2023;22.01.2025;Определение поставщика завершено;;не подано предложений;не подано предложений;11.05.2021
№44-ФЗ;№0172200002523000160;Электронный аукцион;Поставка судна для государственных нужд Санкт-Петербурга в 2023 году;;;;КОМИТЕТ ПО ГОСУДАРСТВЕННОМУ ЗАКАЗУ САНКТ-ПЕТЕРБУРГА;100050000;RUB;;;;;;;КОМИТЕТ ПО ГОСУДАРСТВЕННОМУ ЗАКАЗУ САНКТ-ПЕТЕРБУРГА;КОМИТЕТ ПО ГОСУДАРСТВЕННОМУ ЗАКАЗУ САНКТ-ПЕТЕРБУРГА;13.04.2023;20.12.2024;Определение поставщика завершено;;22.05.2023;31.12.2023;
№44-ФЗ;№0122300017023000012;Электронный аукцион;"Поставка маломерного спасательного судна, для нужд городского поселения ""Город Амурск""";;;;"АДМИНИСТРАЦИЯ ГОРОДСКОГО ПОСЕЛЕНИЯ ""ГОРОД АМУРСК"" АМУРСКОГО МУНИЦИПАЛЬНОГО РАЙОНА ХАБАРОВСКОГО КРАЯ";3055000;RUB;;;;;;;"АДМИНИСТРАЦИЯ ГОРОДСКОГО ПОСЕЛЕНИЯ ""ГОРОД АМУРСК"" АМУРСКОГО МУНИЦИПАЛЬНОГО РАЙОНА ХАБАРОВСКОГО КРАЯ";"АДМИНИСТРАЦИЯ ГОРОДСКОГО ПОСЕЛЕНИЯ ""ГОРОД АМУРСК"" АМУРСКОГО МУНИЦИПАЛЬНОГО РАЙОНА ХАБАРОВСКОГО КРАЯ";20.03.2023;;;;10.04.2023;17.07.2023;
№44-ФЗ;№0372200084223000012;Электронный аукцион;Поставка продукции судостроительной промышленности – спасательного маломерного моторного судна с прицепом для обеспечения деятельности Санкт-Петербургского государственного казенного учреждения «Поисково-спасательная служба Санкт-Петербурга;;;;"САНКТ-ПЕТЕРБУРГСКОЕ ГОСУДАРСТВЕННОЕ КАЗЕННОЕ УЧРЕЖДЕНИЕ ""ПОИСКОВО-СПАСАТЕЛЬНАЯ СЛУЖБА САНКТ-ПЕТЕРБУРГА""";12000000;RUB;;;;;;;"САНКТ-ПЕТЕРБУРГСКОЕ ГОСУДАРСТВЕННОЕ КАЗЕННОЕ УЧРЕЖДЕНИЕ ""ПОИСКОВО-СПАСАТЕЛЬНАЯ СЛУЖБА САНКТ-ПЕТЕРБУРГА""";"САНКТ-ПЕТЕРБУРГСКОЕ ГОСУДАРСТВЕННОЕ КАЗЕННОЕ УЧРЕЖДЕНИЕ ""ПОИСКОВО-СПАСАТЕЛЬНАЯ СЛУЖБА САНКТ-ПЕТЕРБУРГА""";10.02.2023;30.09.2023;;;;;
№223-ФЗ;№32312098080;Запрос котировок в электронной форме;Запрос котировок в электронной форме (№ ЦА 83-22) по выбору организации на право заключения договора на выполнение работ по строительству разъездного катера для Астраханского филиала ФГУП «Росморпорт»;;;;"ФЕДЕРАЛЬНОЕ ГОСУДАРСТВЕННОЕ УНИТАРНОЕ ПРЕДПРИЯТИЕ ""РОСМОРПОРТ""";72500000;RUB;;;;;;;"ФЕДЕРАЛЬНОЕ ГОСУДАРСТВЕННОЕ УНИТАРНОЕ ПРЕДПРИЯТИЕ ""РОСМОРПОРТ""";"ФЕДЕРАЛЬНОЕ ГОСУДАРСТВЕННОЕ УНИТАРНОЕ ПРЕДПРИЯТИЕ ""РОСМОРПОРТ""";07.02.2023;15.03.2023;«Исполнение прекращено - расторжение»;;14.04.2023;13.04.2024;
№223-ФЗ;№32312031225;Запрос цен;Запрос цен (№ ЦА 01-23) по выбору организации на право заключения договора на поставку автомобильно-пассажирского парома для нужд ФГУП «Росморпорт»;;;;"ФЕДЕРАЛЬНОЕ ГОСУДАРСТВЕННОЕ УНИТАРНОЕ ПРЕДПРИЯТИЕ ""РОСМОРПОРТ""";510056368;RUB;;;;;;;"ФЕДЕРАЛЬНОЕ ГОСУДАРСТВЕННОЕ УНИТАРНОЕ ПРЕДПРИЯТИЕ ""РОСМОРПОРТ""";"ФЕДЕРАЛЬНОЕ ГОСУДАРСТВЕННОЕ УНИТАРНОЕ ПРЕДПРИЯТИЕ ""РОСМОРПОРТ""";13.01.2023;27.09.2024;;;;;
№223-ФЗ;№32312023607;Запрос котировок в электронной форме;Запрос котировок в электронной форме (№ ЦА 62-22) по выбору организации на право заключения договора на выполнение работ по проектированию и строительству судна обеспечения работы земснаряда для Астраханского филиала ФГУП «Росморпорт»;;;;"ФЕДЕРАЛЬНОЕ ГОСУДАРСТВЕННОЕ УНИТАРНОЕ ПРЕДПРИЯТИЕ ""РОСМОРПОРТ""";325000000;RUB;;;;;;;"ФЕДЕРАЛЬНОЕ ГОСУДАРСТВЕННОЕ УНИТАРНОЕ ПРЕДПРИЯТИЕ ""РОСМОРПОРТ""";"ФЕДЕРАЛЬНОЕ ГОСУДАРСТВЕННОЕ УНИТАРНОЕ ПРЕДПРИЯТИЕ ""РОСМОРПОРТ""";11.01.2023;31.12.2023 ;Исполнение;;27.03.2023;27.09.2024;
№223-ФЗ;№32211982691;Запрос котировок в электронной форме;Запрос котировок в электронной форме (№ ЦА 86-22) по выбору организации на право заключения договора на поставку автомобильно-пассажирского парома для нужд ФГУП «Росморпорт»;;;;"ФЕДЕРАЛЬНОЕ ГОСУДАРСТВЕННОЕ УНИТАРНОЕ ПРЕДПРИЯТИЕ ""РОСМОРПОРТ""";513372300;RUB;;;;;;;"ФЕДЕРАЛЬНОЕ ГОСУДАРСТВЕННОЕ УНИТАРНОЕ ПРЕДПРИЯТИЕ ""РОСМОРПОРТ""";"ФЕДЕРАЛЬНОЕ ГОСУДАРСТВЕННОЕ УНИТАРНОЕ ПРЕДПРИЯТИЕ ""РОСМОРПОРТ""";22.12.2022;20.03.2023;Контракт расторгнут;;;;
№44-ФЗ;№0319300010122000854;Электронный аукцион;Поставка судна на воздушной подушке;;;;"МУНИЦИПАЛЬНОЕ КАЗЕННОЕ УЧРЕЖДЕНИЕ ""УПРАВЛЕНИЕ МУНИЦИПАЛЬНЫХ ЗАКУПОК""";14119000;RUB;;;;;;;"МУНИЦИПАЛЬНОЕ КАЗЕННОЕ УЧРЕЖДЕНИЕ ""УПРАВЛЕНИЕ МУНИЦИПАЛЬНЫХ ЗАКУПОК""";"МУНИЦИПАЛЬНОЕ КАЗЕННОЕ УЧРЕЖДЕНИЕ ""УПРАВЛЕНИЕ МУНИЦИПАЛЬНЫХ ЗАКУПОК""";25.11.2022;24.12.2024;Определение поставщика завершено;;19.12.2022;31.08.2023 ;
№44-ФЗ;№0342100023622000020;Электронный аукцион;Поставка судна на воздушной подушке с прицепом и оборудованием;;;;СРЕДНЕВОЛЖСКОЕ ЛИНЕЙНОЕ УПРАВЛЕНИЕ МИНИСТЕРСТВА ВНУТРЕННИХ ДЕЛ РОССИЙСКОЙ ФЕДЕРАЦИИ НА ТРАНСПОРТЕ;13014000;RUB;;;;;;;СРЕДНЕВОЛЖСКОЕ ЛИНЕЙНОЕ УПРАВЛЕНИЕ МИНИСТЕРСТВА ВНУТРЕННИХ ДЕЛ РОССИЙСКОЙ ФЕДЕРАЦИИ НА ТРАНСПОРТЕ;СРЕДНЕВОЛЖСКОЕ ЛИНЕЙНОЕ УПРАВЛЕНИЕ МИНИСТЕРСТВА ВНУТРЕННИХ ДЕЛ РОССИЙСКОЙ ФЕДЕРАЦИИ НА ТРАНСПОРТЕ;16.11.2022;31.12.2023;;;06.12.2022;31.12.2022;
№44-ФЗ;№0572100000222000004;Электронный аукцион;Строительство головного гидрографического лоцмейстерского судна ледового класса Arc7;;;;"ГК ""РОСАТОМ"", ФГУП «Гидрографическое предприятие» ";7067180000;RUB;;;;;;;"ГК ""РОСАТОМ"", ФГУП «Гидрографическое предприятие» ";"ГК ""РОСАТОМ"", ФГУП «Гидрографическое предприятие» ";11.11.2022;31.12.2022;;;27.12.2022;;
№223-ФЗ;№32211827029;Открытый конкурс;выполнение работ по строительству судна специального назначения для нужд ФГБУ «АМП Западной Арктики»;;;;"ФЕДЕРАЛЬНОЕ ГОСУДАРСТВЕННОЕ БЮДЖЕТНОЕ УЧРЕЖДЕНИЕ ""АДМИНИСТРАЦИЯ МОРСКИХ ПОРТОВ ЗАПАДНОЙ АРКТИКИ""";342855000;RUB;;;;;;;"ФЕДЕРАЛЬНОЕ ГОСУДАРСТВЕННОЕ БЮДЖЕТНОЕ УЧРЕЖДЕНИЕ ""АДМИНИСТРАЦИЯ МОРСКИХ ПОРТОВ ЗАПАДНОЙ АРКТИКИ""";"ФЕДЕРАЛЬНОЕ ГОСУДАРСТВЕННОЕ БЮДЖЕТНОЕ УЧРЕЖДЕНИЕ ""АДМИНИСТРАЦИЯ МОРСКИХ ПОРТОВ ЗАПАДНОЙ АРКТИКИ""";08.11.2022; 30.09.2024;Закупка завершена;;;;
№44-ФЗ;№0828200001822000016;Запрос котировок в электронной форме;Поставка маломерного моторного судна и лодки гребной для обеспечения нужд государственного казенного учреждения Владимирской области «Служба гражданской обороны, пожарной безопасности, защиты населения и территорий от чрезвычайных ситуаций Владимирской области»;;;;"ГОСУДАРСТВЕННОЕ КАЗЕННОЕ УЧРЕЖДЕНИЕ ВЛАДИМИРСКОЙ ОБЛАСТИ ""СЛУЖБА ГРАЖДАНСКОЙ ОБОРОНЫ, ПОЖАРНОЙ БЕЗОПАСНОСТИ, ЗАЩИТЫ НАСЕЛЕНИЯ И ТЕРРИТОРИЙ ОТ ЧРЕЗВЫЧАЙНЫХ СИТУАЦИЙ ВЛАДИМИРСКОЙ ОБЛАСТИ""";971666.66;RUB;;;;;;;"ГОСУДАРСТВЕННОЕ КАЗЕННОЕ УЧРЕЖДЕНИЕ ВЛАДИМИРСКОЙ ОБЛАСТИ ""СЛУЖБА ГРАЖДАНСКОЙ ОБОРОНЫ, ПОЖАРНОЙ БЕЗОПАСНОСТИ, ЗАЩИТЫ НАСЕЛЕНИЯ И ТЕРРИТОРИЙ ОТ ЧРЕЗВЫЧАЙНЫХ СИТУАЦИЙ ВЛАДИМИРСКОЙ ОБЛАСТИ""";"ГОСУДАРСТВЕННОЕ КАЗЕННОЕ УЧРЕЖДЕНИЕ ВЛАДИМИРСКОЙ ОБЛАСТИ ""СЛУЖБА ГРАЖДАНСКОЙ ОБОРОНЫ, ПОЖАРНОЙ БЕЗОПАСНОСТИ, ЗАЩИТЫ НАСЕЛЕНИЯ И ТЕРРИТОРИЙ ОТ ЧРЕЗВЫЧАЙНЫХ СИТУАЦИЙ ВЛАДИМИРСКОЙ ОБЛАСТИ""";01.11.2022;31.12.2024;Определение поставщика завершено;;17.11.2022;31.01.2023;
№44-ФЗ;№0187200001722001231;Электронный аукцион;Поставка судна;;;;ДЕПАРТАМЕНТ ГОСУДАРСТВЕННОГО ЗАКАЗА ХАНТЫ-МАНСИЙСКОГО АВТОНОМНОГО ОКРУГА - ЮГРЫ;540000;RUB;;;;;;;ДЕПАРТАМЕНТ ГОСУДАРСТВЕННОГО ЗАКАЗА ХАНТЫ-МАНСИЙСКОГО АВТОНОМНОГО ОКРУГА - ЮГРЫ;ДЕПАРТАМЕНТ ГОСУДАРСТВЕННОГО ЗАКАЗА ХАНТЫ-МАНСИЙСКОГО АВТОНОМНОГО ОКРУГА - ЮГРЫ;27.10.2022;;Определение поставщика завершено;;;;
№44-ФЗ;№0319300003422000510;Электронный аукцион;Поставка маломерного судна с подвесными моторами (среди СМП и СОНО);;;;УПРАВЛЕНИЕ МУНИЦИПАЛЬНОГО ЗАКАЗА И ПОТРЕБИТЕЛЬСКОГО РЫНКА АДМИНИСТРАЦИИ ТАЙМЫРСКОГО ДОЛГАНО-НЕНЕЦКОГО МУНИЦИПАЛЬНОГО РАЙОНА;15925833.33;RUB;;;;;;;УПРАВЛЕНИЕ МУНИЦИПАЛЬНОГО ЗАКАЗА И ПОТРЕБИТЕЛЬСКОГО РЫНКА АДМИНИСТРАЦИИ ТАЙМЫРСКОГО ДОЛГАНО-НЕНЕЦКОГО МУНИЦИПАЛЬНОГО РАЙОНА;УПРАВЛЕНИЕ МУНИЦИПАЛЬНОГО ЗАКАЗА И ПОТРЕБИТЕЛЬСКОГО РЫНКА АДМИНИСТРАЦИИ ТАЙМЫРСКОГО ДОЛГАНО-НЕНЕЦКОГО МУНИЦИПАЛЬНОГО РАЙОНА;26.10.2022;01.12.2022;Определение поставщика завершено;;21.11.2022;31.12.2022;
№44-ФЗ;№0372200084222000107;Электронный аукцион;Поставка продукции судостроительной промышленности – судна особой конструкции на воздушной подушке с прицепом и оборудованием для обеспечения деятельности санкт-петербургского государственного казенного учреждения «Поисково-спасательная служба Санкт-Петербурга»;;;;"САНКТ-ПЕТЕРБУРГСКОЕ ГОСУДАРСТВЕННОЕ КАЗЕННОЕ УЧРЕЖДЕНИЕ ""ПОИСКОВО-СПАСАТЕЛЬНАЯ СЛУЖБА САНКТ-ПЕТЕРБУРГА""";13199500;RUB;;;;;;;"САНКТ-ПЕТЕРБУРГСКОЕ ГОСУДАРСТВЕННОЕ КАЗЕННОЕ УЧРЕЖДЕНИЕ ""ПОИСКОВО-СПАСАТЕЛЬНАЯ СЛУЖБА САНКТ-ПЕТЕРБУРГА""";"САНКТ-ПЕТЕРБУРГСКОЕ ГОСУДАРСТВЕННОЕ КАЗЕННОЕ УЧРЕЖДЕНИЕ ""ПОИСКОВО-СПАСАТЕЛЬНАЯ СЛУЖБА САНКТ-ПЕТЕРБУРГА""";12.10.2022; 30.07.2021;Исполнение завершено;;07.11.2022;31.12.2022;
№44-ФЗ;№0860200000822006663;Электронный аукцион;Поставка маломерного судна для производства поисково-спасательных и водолазных работ;;;;"ГОСУДАРСТВЕННОЕ КАЗЕННОЕ УЧРЕЖДЕНИЕ САРАТОВСКОЙ ОБЛАСТИ ""ГОСУДАРСТВЕННОЕ АГЕНТСТВО ПО ЦЕНТРАЛИЗАЦИИ ЗАКУПОК""";37400000;RUB;;;;;;;"ГОСУДАРСТВЕННОЕ КАЗЕННОЕ УЧРЕЖДЕНИЕ САРАТОВСКОЙ ОБЛАСТИ ""ГОСУДАРСТВЕННОЕ АГЕНТСТВО ПО ЦЕНТРАЛИЗАЦИИ ЗАКУПОК""";"ГОСУДАРСТВЕННОЕ КАЗЕННОЕ УЧРЕЖДЕНИЕ САРАТОВСКОЙ ОБЛАСТИ ""ГОСУДАРСТВЕННОЕ АГЕНТСТВО ПО ЦЕНТРАЛИЗАЦИИ ЗАКУПОК""";12.10.2022;10.10.2022;«Исполнение прекращено - расторжение».;;01.11.2022;30.12.2022;
№44-ФЗ;№0860200000822006619;Электронный аукцион;Поставка многокорпусного маломерного судна для производства водолазных работ;;;;"ГОСУДАРСТВЕННОЕ КАЗЕННОЕ УЧРЕЖДЕНИЕ САРАТОВСКОЙ ОБЛАСТИ ""ГОСУДАРСТВЕННОЕ АГЕНТСТВО ПО ЦЕНТРАЛИЗАЦИИ ЗАКУПОК""";7116000;RUB;;;;;;;"ГОСУДАРСТВЕННОЕ КАЗЕННОЕ УЧРЕЖДЕНИЕ САРАТОВСКОЙ ОБЛАСТИ ""ГОСУДАРСТВЕННОЕ АГЕНТСТВО ПО ЦЕНТРАЛИЗАЦИИ ЗАКУПОК""";"ГОСУДАРСТВЕННОЕ КАЗЕННОЕ УЧРЕЖДЕНИЕ САРАТОВСКОЙ ОБЛАСТИ ""ГОСУДАРСТВЕННОЕ АГЕНТСТВО ПО ЦЕНТРАЛИЗАЦИИ ЗАКУПОК""";07.10.2022;31.07.2022;;;31.10.2022;30.04.2023;
№44-ФЗ;№0373100119622000001;Открытый конкурс в электронной форме;Строительство многофункциональных аварийно-спасательных судов ледового  класса. Многофункциональное аварийно-спасательное судно мощностью 7 МВт. Проект MPSV06M;;;;"ФЕДЕРАЛЬНОЕ КАЗЕННОЕ УЧРЕЖДЕНИЕ ""ДИРЕКЦИЯ ГОСУДАРСТВЕННОГО ЗАКАЗЧИКА ПРОГРАММ РАЗВИТИЯ МОРСКОГО ТРАНСПОРТА""";7463133100;RUB;;;;;;;"ФЕДЕРАЛЬНОЕ КАЗЕННОЕ УЧРЕЖДЕНИЕ ""ДИРЕКЦИЯ ГОСУДАРСТВЕННОГО ЗАКАЗЧИКА ПРОГРАММ РАЗВИТИЯ МОРСКОГО ТРАНСПОРТА""";"ФЕДЕРАЛЬНОЕ КАЗЕННОЕ УЧРЕЖДЕНИЕ ""ДИРЕКЦИЯ ГОСУДАРСТВЕННОГО ЗАКАЗЧИКА ПРОГРАММ РАЗВИТИЯ МОРСКОГО ТРАНСПОРТА""";28.09.2022;;;;29.11.2022;28.01.2025;
№44-ФЗ;№0373100134122000020;Открытый конкурс в электронной форме;Выполнение работ по строительству научно-исследовательского судна проекта ТСК.550;;;;"ФЕДЕРАЛЬНОЕ ГОСУДАРСТВЕННОЕ БЮДЖЕТНОЕ НАУЧНОЕ УЧРЕЖДЕНИЕ ""ВСЕРОССИЙСКИЙ НАУЧНО-ИССЛЕДОВАТЕЛЬСКИЙ ИНСТИТУТ РЫБНОГО ХОЗЯЙСТВА И ОКЕАНОГРАФИИ""";489372100;RUB;;;;;;;"ФЕДЕРАЛЬНОЕ ГОСУДАРСТВЕННОЕ БЮДЖЕТНОЕ НАУЧНОЕ УЧРЕЖДЕНИЕ ""ВСЕРОССИЙСКИЙ НАУЧНО-ИССЛЕДОВАТЕЛЬСКИЙ ИНСТИТУТ РЫБНОГО ХОЗЯЙСТВА И ОКЕАНОГРАФИИ""";"ФЕДЕРАЛЬНОЕ ГОСУДАРСТВЕННОЕ БЮДЖЕТНОЕ НАУЧНОЕ УЧРЕЖДЕНИЕ ""ВСЕРОССИЙСКИЙ НАУЧНО-ИССЛЕДОВАТЕЛЬСКИЙ ИНСТИТУТ РЫБНОГО ХОЗЯЙСТВА И ОКЕАНОГРАФИИ""";26.09.2022;30.04.2023;Исполнение завершено;;25.10.2022;05.02.2025;
№223-ФЗ;№32211659411;Запрос котировок в электронной форме;Запрос котировок в электронной форме (№ ЦА 45-22) по выбору организации на право заключения договора на выполнение работ по проектированию и строительству многофункционального накатного судна для нужд ФГУП «Росморпорт»;;;;"ФЕДЕРАЛЬНОЕ ГОСУДАРСТВЕННОЕ УНИТАРНОЕ ПРЕДПРИЯТИЕ ""РОСМОРПОРТ""";176500000;RUB;;;;;;;"ФЕДЕРАЛЬНОЕ ГОСУДАРСТВЕННОЕ УНИТАРНОЕ ПРЕДПРИЯТИЕ ""РОСМОРПОРТ""";"ФЕДЕРАЛЬНОЕ ГОСУДАРСТВЕННОЕ УНИТАРНОЕ ПРЕДПРИЯТИЕ ""РОСМОРПОРТ""";31.08.2022;;;;12.01.2023;26.12.2023;
№44-ФЗ;№0373100134122000016;Открытый конкурс в электронной форме;Выполнение работ по строительству научно-исследовательского судна проекта ТСК.550;;;;"ФЕДЕРАЛЬНОЕ ГОСУДАРСТВЕННОЕ БЮДЖЕТНОЕ НАУЧНОЕ УЧРЕЖДЕНИЕ ""ВСЕРОССИЙСКИЙ НАУЧНО-ИССЛЕДОВАТЕЛЬСКИЙ ИНСТИТУТ РЫБНОГО ХОЗЯЙСТВА И ОКЕАНОГРАФИИ""";489372100;RUB;;;;;;;"ФЕДЕРАЛЬНОЕ ГОСУДАРСТВЕННОЕ БЮДЖЕТНОЕ НАУЧНОЕ УЧРЕЖДЕНИЕ ""ВСЕРОССИЙСКИЙ НАУЧНО-ИССЛЕДОВАТЕЛЬСКИЙ ИНСТИТУТ РЫБНОГО ХОЗЯЙСТВА И ОКЕАНОГРАФИИ""";"ФЕДЕРАЛЬНОЕ ГОСУДАРСТВЕННОЕ БЮДЖЕТНОЕ НАУЧНОЕ УЧРЕЖДЕНИЕ ""ВСЕРОССИЙСКИЙ НАУЧНО-ИССЛЕДОВАТЕЛЬСКИЙ ИНСТИТУТ РЫБНОГО ХОЗЯЙСТВА И ОКЕАНОГРАФИИ""";25.08.2022;07.04.2022;Исполнение завершено;;;;
№44-ФЗ;№0318100071822000050;Электронный аукцион;Приобретение судна маломерного;;;;"ФЕДЕРАЛЬНОЕ ГОСУДАРСТВЕННОЕ БЮДЖЕТНОЕ УЧРЕЖДЕНИЕ ""ТРЕНИРОВОЧНЫЙ ЦЕНТР СПОРТИВНОЙ ПОДГОТОВКИ СБОРНЫХ КОМАНД РОССИИ ""КРЫМСКИЙ""";3492650;RUB;;;;;;;"ФЕДЕРАЛЬНОЕ ГОСУДАРСТВЕННОЕ БЮДЖЕТНОЕ УЧРЕЖДЕНИЕ ""ТРЕНИРОВОЧНЫЙ ЦЕНТР СПОРТИВНОЙ ПОДГОТОВКИ СБОРНЫХ КОМАНД РОССИИ ""КРЫМСКИЙ""";"ФЕДЕРАЛЬНОЕ ГОСУДАРСТВЕННОЕ БЮДЖЕТНОЕ УЧРЕЖДЕНИЕ ""ТРЕНИРОВОЧНЫЙ ЦЕНТР СПОРТИВНОЙ ПОДГОТОВКИ СБОРНЫХ КОМАНД РОССИИ ""КРЫМСКИЙ""";25.07.2022;;Определение поставщика завершено;;16.08.2022;31.12.2022;
№223-ФЗ;№32211569555;Запрос котировок в электронной форме;выполнение работ по проектированию и строительству многофункционального накатного судна для нужд ФГУП «Росморпорт» (ЦА 21-22);;;;"ФЕДЕРАЛЬНОЕ ГОСУДАРСТВЕННОЕ УНИТАРНОЕ ПРЕДПРИЯТИЕ ""РОСМОРПОРТ""";180000000;RUB;;;;;;;"ФЕДЕРАЛЬНОЕ ГОСУДАРСТВЕННОЕ УНИТАРНОЕ ПРЕДПРИЯТИЕ ""РОСМОРПОРТ""";"ФЕДЕРАЛЬНОЕ ГОСУДАРСТВЕННОЕ УНИТАРНОЕ ПРЕДПРИЯТИЕ ""РОСМОРПОРТ""";22.07.2022;30.09.2026;;;;;
№44-ФЗ;№0373100134122000010;Открытый конкурс в электронной форме;Выполнение работ по строительству научно-исследовательского судна проекта ТСК.550;;;;"ФЕДЕРАЛЬНОЕ ГОСУДАРСТВЕННОЕ БЮДЖЕТНОЕ НАУЧНОЕ УЧРЕЖДЕНИЕ ""ВСЕРОССИЙСКИЙ НАУЧНО-ИССЛЕДОВАТЕЛЬСКИЙ ИНСТИТУТ РЫБНОГО ХОЗЯЙСТВА И ОКЕАНОГРАФИИ""";489372100;RUB;;;;;;;"ФЕДЕРАЛЬНОЕ ГОСУДАРСТВЕННОЕ БЮДЖЕТНОЕ НАУЧНОЕ УЧРЕЖДЕНИЕ ""ВСЕРОССИЙСКИЙ НАУЧНО-ИССЛЕДОВАТЕЛЬСКИЙ ИНСТИТУТ РЫБНОГО ХОЗЯЙСТВА И ОКЕАНОГРАФИИ""";"ФЕДЕРАЛЬНОЕ ГОСУДАРСТВЕННОЕ БЮДЖЕТНОЕ НАУЧНОЕ УЧРЕЖДЕНИЕ ""ВСЕРОССИЙСКИЙ НАУЧНО-ИССЛЕДОВАТЕЛЬСКИЙ ИНСТИТУТ РЫБНОГО ХОЗЯЙСТВА И ОКЕАНОГРАФИИ""";13.07.2022;31.01.2022;Исполнение завершено;;;;
№44-ФЗ;№0334100031622000016;Электронный аукцион;Поставка многоцелевого маломерного судна на воздушной подушке;;;;"ФЕДЕРАЛЬНОЕ ГОСУДАРСТВЕННОЕ БЮДЖЕТНОЕ УЧРЕЖДЕНИЕ ""ОБЪЕДИНЕННАЯ ДИРЕКЦИЯ ГОСУДАРСТВЕННОГО ПРИРОДНОГО ЗАПОВЕДНИКА ""БАЙКАЛО-ЛЕНСКИЙ"" И ПРИБАЙКАЛЬСКОГО НАЦИОНАЛЬНОГО ПАРКА""";9675400;RUB;;;;;;;"ФЕДЕРАЛЬНОЕ ГОСУДАРСТВЕННОЕ БЮДЖЕТНОЕ УЧРЕЖДЕНИЕ ""ОБЪЕДИНЕННАЯ ДИРЕКЦИЯ ГОСУДАРСТВЕННОГО ПРИРОДНОГО ЗАПОВЕДНИКА ""БАЙКАЛО-ЛЕНСКИЙ"" И ПРИБАЙКАЛЬСКОГО НАЦИОНАЛЬНОГО ПАРКА""";"ФЕДЕРАЛЬНОЕ ГОСУДАРСТВЕННОЕ БЮДЖЕТНОЕ УЧРЕЖДЕНИЕ ""ОБЪЕДИНЕННАЯ ДИРЕКЦИЯ ГОСУДАРСТВЕННОГО ПРИРОДНОГО ЗАПОВЕДНИКА ""БАЙКАЛО-ЛЕНСКИЙ"" И ПРИБАЙКАЛЬСКОГО НАЦИОНАЛЬНОГО ПАРКА""";29.06.2022;;Определение поставщика завершено;;18.07.2022;11.10.2022;
№44-ФЗ;№0318100071822000027;Электронный аукцион;Приобретение судна маломерного;;;;"ФЕДЕРАЛЬНОЕ ГОСУДАРСТВЕННОЕ БЮДЖЕТНОЕ УЧРЕЖДЕНИЕ ""ТРЕНИРОВОЧНЫЙ ЦЕНТР СПОРТИВНОЙ ПОДГОТОВКИ СБОРНЫХ КОМАНД РОССИИ ""КРЫМСКИЙ""";3834820;RUB;;;;;;;"ФЕДЕРАЛЬНОЕ ГОСУДАРСТВЕННОЕ БЮДЖЕТНОЕ УЧРЕЖДЕНИЕ ""ТРЕНИРОВОЧНЫЙ ЦЕНТР СПОРТИВНОЙ ПОДГОТОВКИ СБОРНЫХ КОМАНД РОССИИ ""КРЫМСКИЙ""";"ФЕДЕРАЛЬНОЕ ГОСУДАРСТВЕННОЕ БЮДЖЕТНОЕ УЧРЕЖДЕНИЕ ""ТРЕНИРОВОЧНЫЙ ЦЕНТР СПОРТИВНОЙ ПОДГОТОВКИ СБОРНЫХ КОМАНД РОССИИ ""КРЫМСКИЙ""";20.06.2022;; электронный аукцион признается несостоявшимся.;;;;
№44-ФЗ;№0167200003422003392;Электронный аукцион;Поставка судна прогулочного и спортивного;;;;УПРАВЛЕНИЕ ГОСУДАРСТВЕННЫХ ЗАКУПОК ТЮМЕНСКОЙ ОБЛАСТИ;95590;RUB;;;;;;;УПРАВЛЕНИЕ ГОСУДАРСТВЕННЫХ ЗАКУПОК ТЮМЕНСКОЙ ОБЛАСТИ;УПРАВЛЕНИЕ ГОСУДАРСТВЕННЫХ ЗАКУПОК ТЮМЕНСКОЙ ОБЛАСТИ;07.06.2022;;Определение поставщика завершено;;04.07.2022;30.10.2022;
№44-ФЗ;№0128200000122002354;Электронный аукцион;Поставка многоцелевого судна на воздушной подушке для нужд государственного казенного учреждения Владимирской области «Служба гражданской обороны, пожарной безопасности, защиты населения и территорий от чрезвычайных ситуаций Владимирской области»;;;;ДЕПАРТАМЕНТ ИМУЩЕСТВЕННЫХ И ЗЕМЕЛЬНЫХ ОТНОШЕНИЙ ВЛАДИМИРСКОЙ ОБЛАСТИ;11645333.33;RUB;;;;;;;ДЕПАРТАМЕНТ ИМУЩЕСТВЕННЫХ И ЗЕМЕЛЬНЫХ ОТНОШЕНИЙ ВЛАДИМИРСКОЙ ОБЛАСТИ;ДЕПАРТАМЕНТ ИМУЩЕСТВЕННЫХ И ЗЕМЕЛЬНЫХ ОТНОШЕНИЙ ВЛАДИМИРСКОЙ ОБЛАСТИ;06.05.2022;13.04.2024;Закупка завершена;;30.05.2022;11.10.2022;
№44-ФЗ;№0320100031222000006;Электронный аукцион;"Поставка маломерного судна (многофункционального катера) для нужд ФГБУ ""Земля леопарда""";;;;"ФЕДЕРАЛЬНОЕ ГОСУДАРСТВЕННОЕ БЮДЖЕТНОЕ УЧРЕЖДЕНИЕ ""ОБЪЕДИНЕННАЯ ДИРЕКЦИЯ ГОСУДАРСТВЕННОГО ПРИРОДНОГО БИОСФЕРНОГО ЗАПОВЕДНИКА ""КЕДРОВАЯ ПАДЬ"" И НАЦИОНАЛЬНОГО ПАРКА ""ЗЕМЛЯ ЛЕОПАРДА"" ИМЕНИ Н.Н. ВОРОНЦОВА""";16910333.34;RUB;;;;;;;"ФЕДЕРАЛЬНОЕ ГОСУДАРСТВЕННОЕ БЮДЖЕТНОЕ УЧРЕЖДЕНИЕ ""ОБЪЕДИНЕННАЯ ДИРЕКЦИЯ ГОСУДАРСТВЕННОГО ПРИРОДНОГО БИОСФЕРНОГО ЗАПОВЕДНИКА ""КЕДРОВАЯ ПАДЬ"" И НАЦИОНАЛЬНОГО ПАРКА ""ЗЕМЛЯ ЛЕОПАРДА"" ИМЕНИ Н.Н. ВОРОНЦОВА""";"ФЕДЕРАЛЬНОЕ ГОСУДАРСТВЕННОЕ БЮДЖЕТНОЕ УЧРЕЖДЕНИЕ ""ОБЪЕДИНЕННАЯ ДИРЕКЦИЯ ГОСУДАРСТВЕННОГО ПРИРОДНОГО БИОСФЕРНОГО ЗАПОВЕДНИКА ""КЕДРОВАЯ ПАДЬ"" И НАЦИОНАЛЬНОГО ПАРКА ""ЗЕМЛЯ ЛЕОПАРДА"" ИМЕНИ Н.Н. ВОРОНЦОВА""";22.04.2022;;;;23.05.2022;31.12.2022;
№44-ФЗ;№0338100004622000020;Открытый конкурс в электронной форме;Приобретение служебно-разъездного судна длиной 19-20 метров;;;;"ФЕДЕРАЛЬНОЕ ГОСУДАРСТВЕННОЕ БЮДЖЕТНОЕ УЧРЕЖДЕНИЕ ""КАМЧАТСКАЯ ДИРЕКЦИЯ ПО ТЕХНИЧЕСКОМУ ОБЕСПЕЧЕНИЮ НАДЗОРА НА МОРЕ""";284066700;RUB;;;;;;;"ФЕДЕРАЛЬНОЕ ГОСУДАРСТВЕННОЕ БЮДЖЕТНОЕ УЧРЕЖДЕНИЕ ""КАМЧАТСКАЯ ДИРЕКЦИЯ ПО ТЕХНИЧЕСКОМУ ОБЕСПЕЧЕНИЮ НАДЗОРА НА МОРЕ""";"ФЕДЕРАЛЬНОЕ ГОСУДАРСТВЕННОЕ БЮДЖЕТНОЕ УЧРЕЖДЕНИЕ ""КАМЧАТСКАЯ ДИРЕКЦИЯ ПО ТЕХНИЧЕСКОМУ ОБЕСПЕЧЕНИЮ НАДЗОРА НА МОРЕ""";15.04.2022;01.11.2023;;;;;
№223-ФЗ;№32211312294;Открытый конкурс;"Поставка маломерного судна для нужд ФГБУ ""АМП Западной Арктики""";;;;"ФЕДЕРАЛЬНОЕ ГОСУДАРСТВЕННОЕ БЮДЖЕТНОЕ УЧРЕЖДЕНИЕ ""АДМИНИСТРАЦИЯ МОРСКИХ ПОРТОВ ЗАПАДНОЙ АРКТИКИ""";84320133.33;RUB;;;;;;;"ФЕДЕРАЛЬНОЕ ГОСУДАРСТВЕННОЕ БЮДЖЕТНОЕ УЧРЕЖДЕНИЕ ""АДМИНИСТРАЦИЯ МОРСКИХ ПОРТОВ ЗАПАДНОЙ АРКТИКИ""";"ФЕДЕРАЛЬНОЕ ГОСУДАРСТВЕННОЕ БЮДЖЕТНОЕ УЧРЕЖДЕНИЕ ""АДМИНИСТРАЦИЯ МОРСКИХ ПОРТОВ ЗАПАДНОЙ АРКТИКИ""";14.04.2022;31.12.2022;Исполнение завершено;;27.05.2022;31.07.2022;
№223-ФЗ;№32211306070;Открытый конкурс;Открытый конкурс (№ ЦА 90-21) по выбору организации на право заключения договора на выполнение работ по строительству несамоходного фрезерного земснаряда для нужд ФГУП «Росморпорт»;;;;"ФЕДЕРАЛЬНОЕ ГОСУДАРСТВЕННОЕ УНИТАРНОЕ ПРЕДПРИЯТИЕ ""РОСМОРПОРТ""";900000000;RUB;;;;;;;"ФЕДЕРАЛЬНОЕ ГОСУДАРСТВЕННОЕ УНИТАРНОЕ ПРЕДПРИЯТИЕ ""РОСМОРПОРТ""";"ФЕДЕРАЛЬНОЕ ГОСУДАРСТВЕННОЕ УНИТАРНОЕ ПРЕДПРИЯТИЕ ""РОСМОРПОРТ""";12.04.2022;30.01.2025;Определение поставщика завершено;;30.06.2022;01.11.2023;
№44-ФЗ;№0350100002322000004;Электронный аукцион;Поставка многофункционального самоходного фрезерного земснаряда-амфибия;;;;"ФЕДЕРАЛЬНОЕ ГОСУДАРСТВЕННОЕ БЮДЖЕТНОЕ УЧРЕЖДЕНИЕ ""НАЦИОНАЛЬНЫЙ ПАРК ""ВАЛДАЙСКИЙ""";87700000;RUB;;;;;;;"ФЕДЕРАЛЬНОЕ ГОСУДАРСТВЕННОЕ БЮДЖЕТНОЕ УЧРЕЖДЕНИЕ ""НАЦИОНАЛЬНЫЙ ПАРК ""ВАЛДАЙСКИЙ""";"ФЕДЕРАЛЬНОЕ ГОСУДАРСТВЕННОЕ БЮДЖЕТНОЕ УЧРЕЖДЕНИЕ ""НАЦИОНАЛЬНЫЙ ПАРК ""ВАЛДАЙСКИЙ""";11.04.2022;15.11.2021;Исполнение завершено;;;;
№44-ФЗ;№0319300003422000081;Электронный аукцион;Поставка судна на воздушной подушке для нужд Таймырского Долгано-Ненецкого муниципального района;;;;УПРАВЛЕНИЕ МУНИЦИПАЛЬНОГО ЗАКАЗА И ПОТРЕБИТЕЛЬСКОГО РЫНКА АДМИНИСТРАЦИИ ТАЙМЫРСКОГО ДОЛГАНО-НЕНЕЦКОГО МУНИЦИПАЛЬНОГО РАЙОНА;58895000;RUB;;;;;;;УПРАВЛЕНИЕ МУНИЦИПАЛЬНОГО ЗАКАЗА И ПОТРЕБИТЕЛЬСКОГО РЫНКА АДМИНИСТРАЦИИ ТАЙМЫРСКОГО ДОЛГАНО-НЕНЕЦКОГО МУНИЦИПАЛЬНОГО РАЙОНА;УПРАВЛЕНИЕ МУНИЦИПАЛЬНОГО ЗАКАЗА И ПОТРЕБИТЕЛЬСКОГО РЫНКА АДМИНИСТРАЦИИ ТАЙМЫРСКОГО ДОЛГАНО-НЕНЕЦКОГО МУНИЦИПАЛЬНОГО РАЙОНА;28.03.2022;31.12.2022;Исполнение завершено;;;;
№44-ФЗ;№0124200000622000387;Электронный аукцион;Поставка Маломерного судна;;;;КОНТРАКТНОЕ АГЕНТСТВО АРХАНГЕЛЬСКОЙ ОБЛАСТИ;3337600;RUB;;;;;;;КОНТРАКТНОЕ АГЕНТСТВО АРХАНГЕЛЬСКОЙ ОБЛАСТИ;КОНТРАКТНОЕ АГЕНТСТВО АРХАНГЕЛЬСКОЙ ОБЛАСТИ;23.03.2022;11.10.2022;Исполнение завершено;;;;
№44-ФЗ;№0301300247622000133;Электронный аукцион;Поставка амфибийного маломерного судна для поисково-спасательных мероприятий;;;;"МУНИЦИПАЛЬНОЕ КАЗЕННОЕ УЧРЕЖДЕНИЕ ""ЦЕНТР ОРГАНИЗАЦИИ И ПРОВЕДЕНИЯ КОНКУРСНЫХ ПРОЦЕДУР"" ГОРОДСКОГО ОКРУГА ГОРОД УФА РЕСПУБЛИКИ БАШКОРТОСТАН";2566666.67;RUB;;;;;;;"МУНИЦИПАЛЬНОЕ КАЗЕННОЕ УЧРЕЖДЕНИЕ ""ЦЕНТР ОРГАНИЗАЦИИ И ПРОВЕДЕНИЯ КОНКУРСНЫХ ПРОЦЕДУР"" ГОРОДСКОГО ОКРУГА ГОРОД УФА РЕСПУБЛИКИ БАШКОРТОСТАН";"МУНИЦИПАЛЬНОЕ КАЗЕННОЕ УЧРЕЖДЕНИЕ ""ЦЕНТР ОРГАНИЗАЦИИ И ПРОВЕДЕНИЯ КОНКУРСНЫХ ПРОЦЕДУР"" ГОРОДСКОГО ОКРУГА ГОРОД УФА РЕСПУБЛИКИ БАШКОРТОСТАН";23.03.2022;31.12.2022;Исполнение завершено;;15.04.2022;15.10.2022;
№223-ФЗ;№32211164013;Аукцион в электронной форме, только СМиСП;Поставка судна на воздушной подушке;;;;"АКЦИОНЕРНОЕ ОБЩЕСТВО ""АЛМАЗЫ АНАБАРА""";20904000;RUB;;;;;;;"АКЦИОНЕРНОЕ ОБЩЕСТВО ""АЛМАЗЫ АНАБАРА""";"АКЦИОНЕРНОЕ ОБЩЕСТВО ""АЛМАЗЫ АНАБАРА""";24.02.2022;15.10.2022;Исполнение завершено;;;;
№44-ФЗ;№0372200084222000007;Электронный аукцион;Поставка судна особой конструкции для обеспечения деятельности Санкт-Петербургского государственного казенного учреждения «Поисково-спасательная служба Санкт-Петербурга»;;;;"САНКТ-ПЕТЕРБУРГСКОЕ ГОСУДАРСТВЕННОЕ КАЗЕННОЕ УЧРЕЖДЕНИЕ ""ПОИСКОВО-СПАСАТЕЛЬНАЯ СЛУЖБА САНКТ-ПЕТЕРБУРГА""";1544076.67;RUB;;;;;;;"САНКТ-ПЕТЕРБУРГСКОЕ ГОСУДАРСТВЕННОЕ КАЗЕННОЕ УЧРЕЖДЕНИЕ ""ПОИСКОВО-СПАСАТЕЛЬНАЯ СЛУЖБА САНКТ-ПЕТЕРБУРГА""";"САНКТ-ПЕТЕРБУРГСКОЕ ГОСУДАРСТВЕННОЕ КАЗЕННОЕ УЧРЕЖДЕНИЕ ""ПОИСКОВО-СПАСАТЕЛЬНАЯ СЛУЖБА САНКТ-ПЕТЕРБУРГА""";17.02.2022;31.01.2023;Исполнение завершено;;14.03.2022;31.12.2022;
№223-ФЗ;№32211114740;Открытый запрос предложений;Изготовление и поставка пассажирского судна на воздушной подушке амфибийного типа для использования в коммерческих целях в количестве 2 (двух) единиц;;;;"ОБЩЕСТВО С ОГРАНИЧЕННОЙ ОТВЕТСТВЕННОСТЬЮ ""САМАРСКОЕ РЕЧНОЕ ПАССАЖИРСКОЕ ПРЕДПРИЯТИЕ""";35800000;RUB;;;;;;;"ОБЩЕСТВО С ОГРАНИЧЕННОЙ ОТВЕТСТВЕННОСТЬЮ ""САМАРСКОЕ РЕЧНОЕ ПАССАЖИРСКОЕ ПРЕДПРИЯТИЕ""";"ОБЩЕСТВО С ОГРАНИЧЕННОЙ ОТВЕТСТВЕННОСТЬЮ ""САМАРСКОЕ РЕЧНОЕ ПАССАЖИРСКОЕ ПРЕДПРИЯТИЕ""";09.02.2022;30.10.2022;Исполнение завершено;;28.02.2022;01.10.2022;
№223-ФЗ;№32211089202;Открытый конкурс (до 01.07.18);Поставка маломерного судна в комплекте с транспортно-технологической тележкой;;;;"ФЕДЕРАЛЬНОЕ ГОСУДАРСТВЕННОЕ БЮДЖЕТНОЕ УЧРЕЖДЕНИЕ ""АДМИНИСТРАЦИЯ МОРСКИХ ПОРТОВ ЗАПАДНОЙ АРКТИКИ""";60817500;RUB;;;;;;;"ФЕДЕРАЛЬНОЕ ГОСУДАРСТВЕННОЕ БЮДЖЕТНОЕ УЧРЕЖДЕНИЕ ""АДМИНИСТРАЦИЯ МОРСКИХ ПОРТОВ ЗАПАДНОЙ АРКТИКИ""";"ФЕДЕРАЛЬНОЕ ГОСУДАРСТВЕННОЕ БЮДЖЕТНОЕ УЧРЕЖДЕНИЕ ""АДМИНИСТРАЦИЯ МОРСКИХ ПОРТОВ ЗАПАДНОЙ АРКТИКИ""";01.02.2022;28.01.2025;;;10.03.2022;07.04.2022;
№223-ФЗ;№32111001294;Открытый конкурс;строительство и поставка пассажирского судна СПК «Олимпия»;;;;"АКЦИОНЕРНОЕ ОБЩЕСТВО ""ГОСУДАРСТВЕННАЯ ТРАНСПОРТНАЯ ЛИЗИНГОВАЯ КОМПАНИЯ""";1936940000;RUB;;;;;;;"АКЦИОНЕРНОЕ ОБЩЕСТВО ""ГОСУДАРСТВЕННАЯ ТРАНСПОРТНАЯ ЛИЗИНГОВАЯ КОМПАНИЯ""";"АКЦИОНЕРНОЕ ОБЩЕСТВО ""ГОСУДАРСТВЕННАЯ ТРАНСПОРТНАЯ ЛИЗИНГОВАЯ КОМПАНИЯ""";28.12.2021;30.08.2031;«Исполнение прекращено - расторжение»;;;;
№223-ФЗ;№32111001508;Открытый конкурс;Строительство и поставка судов СПК типа «Метеор»;;;;"АКЦИОНЕРНОЕ ОБЩЕСТВО ""ГОСУДАРСТВЕННАЯ ТРАНСПОРТНАЯ ЛИЗИНГОВАЯ КОМПАНИЯ""";1230000000;RUB;;;;;;;"АКЦИОНЕРНОЕ ОБЩЕСТВО ""ГОСУДАРСТВЕННАЯ ТРАНСПОРТНАЯ ЛИЗИНГОВАЯ КОМПАНИЯ""";"АКЦИОНЕРНОЕ ОБЩЕСТВО ""ГОСУДАРСТВЕННАЯ ТРАНСПОРТНАЯ ЛИЗИНГОВАЯ КОМПАНИЯ""";28.12.2021;30.12.2024;Определение поставщика завершено;;16.02.2022; 31.12.2023;
№223-ФЗ;№32111001581;Открытый конкурс;строительство и поставка пассажирского судна RPV 8714;;;;"АКЦИОНЕРНОЕ ОБЩЕСТВО ""ГОСУДАРСТВЕННАЯ ТРАНСПОРТНАЯ ЛИЗИНГОВАЯ КОМПАНИЯ""";1500000000;RUB;;;;;;;"АКЦИОНЕРНОЕ ОБЩЕСТВО ""ГОСУДАРСТВЕННАЯ ТРАНСПОРТНАЯ ЛИЗИНГОВАЯ КОМПАНИЯ""";"АКЦИОНЕРНОЕ ОБЩЕСТВО ""ГОСУДАРСТВЕННАЯ ТРАНСПОРТНАЯ ЛИЗИНГОВАЯ КОМПАНИЯ""";28.12.2021;31.10.2022;Закупка завершена;;;;
№44-ФЗ;№0324100010421000163;Электронный аукцион;Приобретение в собственность Российской Федерации недвижимого имущества (самоходного роторно-ковшевого земснаряда  с фрезерным рыхлителем) на условиях  финансовой аренды (лизинга);;;;"ФЕДЕРАЛЬНОЕ БЮДЖЕТНОЕ УЧРЕЖДЕНИЕ ""АДМИНИСТРАЦИЯ ДВИНСКО-ПЕЧОРСКОГО БАССЕЙНА ВНУТРЕННИХ ВОДНЫХ ПУТЕЙ""";3535814640;RUB;;;;;;;"ФЕДЕРАЛЬНОЕ БЮДЖЕТНОЕ УЧРЕЖДЕНИЕ ""АДМИНИСТРАЦИЯ ДВИНСКО-ПЕЧОРСКОГО БАССЕЙНА ВНУТРЕННИХ ВОДНЫХ ПУТЕЙ""";"ФЕДЕРАЛЬНОЕ БЮДЖЕТНОЕ УЧРЕЖДЕНИЕ ""АДМИНИСТРАЦИЯ ДВИНСКО-ПЕЧОРСКОГО БАССЕЙНА ВНУТРЕННИХ ВОДНЫХ ПУТЕЙ""";23.12.2021;30.12.2024;Исполнение;;;;
№44-ФЗ;№0372200084221000120;Электронный аукцион;Поставка продукции судостроительной промышленности – судна особой конструкции на воздушной подушке с прицепом и оборудованием для обеспечения деятельности Санкт-Петербургского государственного казенного учреждения «Поисково-спасательная служба Санкт-Петербурга».;;;;"САНКТ-ПЕТЕРБУРГСКОЕ ГОСУДАРСТВЕННОЕ КАЗЕННОЕ УЧРЕЖДЕНИЕ ""ПОИСКОВО-СПАСАТЕЛЬНАЯ СЛУЖБА САНКТ-ПЕТЕРБУРГА""";10423750;RUB;;;;;;;"САНКТ-ПЕТЕРБУРГСКОЕ ГОСУДАРСТВЕННОЕ КАЗЕННОЕ УЧРЕЖДЕНИЕ ""ПОИСКОВО-СПАСАТЕЛЬНАЯ СЛУЖБА САНКТ-ПЕТЕРБУРГА""";"САНКТ-ПЕТЕРБУРГСКОЕ ГОСУДАРСТВЕННОЕ КАЗЕННОЕ УЧРЕЖДЕНИЕ ""ПОИСКОВО-СПАСАТЕЛЬНАЯ СЛУЖБА САНКТ-ПЕТЕРБУРГА""";26.11.2021;;Контракт заключен;;21.12.2021;31.12.2021;
№223-ФЗ;№32110871009;Открытый конкурс;строительство и поставка Несамоходного мелкосидящего земснаряда;;;;"АКЦИОНЕРНОЕ ОБЩЕСТВО ""ГОСУДАРСТВЕННАЯ ТРАНСПОРТНАЯ ЛИЗИНГОВАЯ КОМПАНИЯ""";690000000;RUB;;;;;;;"АКЦИОНЕРНОЕ ОБЩЕСТВО ""ГОСУДАРСТВЕННАЯ ТРАНСПОРТНАЯ ЛИЗИНГОВАЯ КОМПАНИЯ""";"АКЦИОНЕРНОЕ ОБЩЕСТВО ""ГОСУДАРСТВЕННАЯ ТРАНСПОРТНАЯ ЛИЗИНГОВАЯ КОМПАНИЯ""";26.11.2021; 31.12.2023;Исполнение;;29.12.2021;30.09.2023;
№223-ФЗ;№32110871227;Открытый конкурс;Строительство и поставка Самоходного земснаряда 93.159;;;;"АКЦИОНЕРНОЕ ОБЩЕСТВО ""ГОСУДАРСТВЕННАЯ ТРАНСПОРТНАЯ ЛИЗИНГОВАЯ КОМПАНИЯ""";2400000000;RUB;;;;;;;"АКЦИОНЕРНОЕ ОБЩЕСТВО ""ГОСУДАРСТВЕННАЯ ТРАНСПОРТНАЯ ЛИЗИНГОВАЯ КОМПАНИЯ""";"АКЦИОНЕРНОЕ ОБЩЕСТВО ""ГОСУДАРСТВЕННАЯ ТРАНСПОРТНАЯ ЛИЗИНГОВАЯ КОМПАНИЯ""";26.11.2021;30.09.2023;;;30.12.2021; 30.09.2024;
№223-ФЗ;№32110871447;Открытый конкурс;строительство и поставка пассажирского судна СПК «Олимпия»;;;;"АКЦИОНЕРНОЕ ОБЩЕСТВО ""ГОСУДАРСТВЕННАЯ ТРАНСПОРТНАЯ ЛИЗИНГОВАЯ КОМПАНИЯ""";1936940000;RUB;;;;;;;"АКЦИОНЕРНОЕ ОБЩЕСТВО ""ГОСУДАРСТВЕННАЯ ТРАНСПОРТНАЯ ЛИЗИНГОВАЯ КОМПАНИЯ""";"АКЦИОНЕРНОЕ ОБЩЕСТВО ""ГОСУДАРСТВЕННАЯ ТРАНСПОРТНАЯ ЛИЗИНГОВАЯ КОМПАНИЯ""";26.11.2021;31.12.2021;Закупка завершена;;;;
№223-ФЗ;№32110871799;Открытый конкурс;Строительство и поставка судов СПК типа «Метеор»;;;;"АКЦИОНЕРНОЕ ОБЩЕСТВО ""ГОСУДАРСТВЕННАЯ ТРАНСПОРТНАЯ ЛИЗИНГОВАЯ КОМПАНИЯ""";1230000000;RUB;;;;;;;"АКЦИОНЕРНОЕ ОБЩЕСТВО ""ГОСУДАРСТВЕННАЯ ТРАНСПОРТНАЯ ЛИЗИНГОВАЯ КОМПАНИЯ""";"АКЦИОНЕРНОЕ ОБЩЕСТВО ""ГОСУДАРСТВЕННАЯ ТРАНСПОРТНАЯ ЛИЗИНГОВАЯ КОМПАНИЯ""";26.11.2021;14.07.2021;Закупка завершена;;;;
№223-ФЗ;№32110871910;Открытый конкурс;строительство и поставка Морского грузопассажирского судна;;;;"АКЦИОНЕРНОЕ ОБЩЕСТВО ""ГОСУДАРСТВЕННАЯ ТРАНСПОРТНАЯ ЛИЗИНГОВАЯ КОМПАНИЯ""";6000000000;RUB;;;;;;;"АКЦИОНЕРНОЕ ОБЩЕСТВО ""ГОСУДАРСТВЕННАЯ ТРАНСПОРТНАЯ ЛИЗИНГОВАЯ КОМПАНИЯ""";"АКЦИОНЕРНОЕ ОБЩЕСТВО ""ГОСУДАРСТВЕННАЯ ТРАНСПОРТНАЯ ЛИЗИНГОВАЯ КОМПАНИЯ""";26.11.2021;05.02.2025;;;28.12.2021;30.09.2026;
№223-ФЗ;№32110872040;конкурс в электронной форме;Строительство и поставка Пассажирского скегового СВП;;;;"АКЦИОНЕРНОЕ ОБЩЕСТВО ""ГОСУДАРСТВЕННАЯ ТРАНСПОРТНАЯ ЛИЗИНГОВАЯ КОМПАНИЯ""";120000000;RUB;;;;;;;"АКЦИОНЕРНОЕ ОБЩЕСТВО ""ГОСУДАРСТВЕННАЯ ТРАНСПОРТНАЯ ЛИЗИНГОВАЯ КОМПАНИЯ""";"АКЦИОНЕРНОЕ ОБЩЕСТВО ""ГОСУДАРСТВЕННАЯ ТРАНСПОРТНАЯ ЛИЗИНГОВАЯ КОМПАНИЯ""";26.11.2021;31.12.2021;Исполнение завершено;;28.12.2021;30.09.2023;
№223-ФЗ;№32110872115;Открытый конкурс;строительство и поставка Универсального пассажирского судна (МПКС);;;;"АКЦИОНЕРНОЕ ОБЩЕСТВО ""ГОСУДАРСТВЕННАЯ ТРАНСПОРТНАЯ ЛИЗИНГОВАЯ КОМПАНИЯ""";660000000;RUB;;;;;;;"АКЦИОНЕРНОЕ ОБЩЕСТВО ""ГОСУДАРСТВЕННАЯ ТРАНСПОРТНАЯ ЛИЗИНГОВАЯ КОМПАНИЯ""";"АКЦИОНЕРНОЕ ОБЩЕСТВО ""ГОСУДАРСТВЕННАЯ ТРАНСПОРТНАЯ ЛИЗИНГОВАЯ КОМПАНИЯ""";26.11.2021;31.01.2024;Закупка завершена;;29.12.2021;30.09.2023;
№223-ФЗ;№32110872199;Открытый конкурс;строительство и поставка пассажирского судна RPV 8714;;;;"АКЦИОНЕРНОЕ ОБЩЕСТВО ""ГОСУДАРСТВЕННАЯ ТРАНСПОРТНАЯ ЛИЗИНГОВАЯ КОМПАНИЯ""";1500000000;RUB;;;;;;;"АКЦИОНЕРНОЕ ОБЩЕСТВО ""ГОСУДАРСТВЕННАЯ ТРАНСПОРТНАЯ ЛИЗИНГОВАЯ КОМПАНИЯ""";"АКЦИОНЕРНОЕ ОБЩЕСТВО ""ГОСУДАРСТВЕННАЯ ТРАНСПОРТНАЯ ЛИЗИНГОВАЯ КОМПАНИЯ""";26.11.2021;24.12.2021;Закупка завершена;;;;
№44-ФЗ;№0372200084221000115;Электронный аукцион;Поставка продукции судостроительной промышленности – маломерного спасательного судна для обеспечения деятельности Санкт-Петербургского государственного казенного учреждения «Поисково-спасательная служба Санкт-Петербурга»;;;;"САНКТ-ПЕТЕРБУРГСКОЕ ГОСУДАРСТВЕННОЕ КАЗЕННОЕ УЧРЕЖДЕНИЕ ""ПОИСКОВО-СПАСАТЕЛЬНАЯ СЛУЖБА САНКТ-ПЕТЕРБУРГА""";312000;RUB;;;;;;;"САНКТ-ПЕТЕРБУРГСКОЕ ГОСУДАРСТВЕННОЕ КАЗЕННОЕ УЧРЕЖДЕНИЕ ""ПОИСКОВО-СПАСАТЕЛЬНАЯ СЛУЖБА САНКТ-ПЕТЕРБУРГА""";"САНКТ-ПЕТЕРБУРГСКОЕ ГОСУДАРСТВЕННОЕ КАЗЕННОЕ УЧРЕЖДЕНИЕ ""ПОИСКОВО-СПАСАТЕЛЬНАЯ СЛУЖБА САНКТ-ПЕТЕРБУРГА""";17.11.2021;26.12.2023;;;;;
№44-ФЗ;№0324100019021000015;Открытый конкурс в электронной форме;приобретение служебно-вспомогательного судна длиной 19-20 метров - 2 единицы;;;;"ФЕДЕРАЛЬНОЕ ГОСУДАРСТВЕННОЕ БЮДЖЕТНОЕ УЧРЕЖДЕНИЕ ""АРКТИЧЕСКАЯ ДИРЕКЦИЯ ПО ТЕХНИЧЕСКОМУ ОБЕСПЕЧЕНИЮ НАДЗОРА НА МОРЕ""";150000000;RUB;;;;;;;"ФЕДЕРАЛЬНОЕ ГОСУДАРСТВЕННОЕ БЮДЖЕТНОЕ УЧРЕЖДЕНИЕ ""АРКТИЧЕСКАЯ ДИРЕКЦИЯ ПО ТЕХНИЧЕСКОМУ ОБЕСПЕЧЕНИЮ НАДЗОРА НА МОРЕ""";"ФЕДЕРАЛЬНОЕ ГОСУДАРСТВЕННОЕ БЮДЖЕТНОЕ УЧРЕЖДЕНИЕ ""АРКТИЧЕСКАЯ ДИРЕКЦИЯ ПО ТЕХНИЧЕСКОМУ ОБЕСПЕЧЕНИЮ НАДЗОРА НА МОРЕ""";12.11.2021;02.06.2022;Исполнение завершено;;27.12.2021;01.12.2022;
№44-ФЗ;№0126300035821000944;Электронный аукцион;Поставка маломерного судна;;;;УПРАВЛЕНИЕ МУНИЦИПАЛЬНОГО ЗАКАЗА АДМИНИСТРАЦИИ ГОРОДА БЕЛГОРОДА;1200000;RUB;;;;;;;УПРАВЛЕНИЕ МУНИЦИПАЛЬНОГО ЗАКАЗА АДМИНИСТРАЦИИ ГОРОДА БЕЛГОРОДА;УПРАВЛЕНИЕ МУНИЦИПАЛЬНОГО ЗАКАЗА АДМИНИСТРАЦИИ ГОРОДА БЕЛГОРОДА;09.11.2021;30.09.2023;Закупка завершена;;29.11.2021;31.12.2021;
№44-ФЗ;№0316100008521000001;Электронный аукцион;Поставка маломерного амфибийного судна на воздушной подушке проекта А8;;;;"ФЕДЕРАЛЬНОЕ ГОСУДАРСТВЕННОЕ БЮДЖЕТНОЕ УЧРЕЖДЕНИЕ ""ГОСУДАРСТВЕННЫЙ ПРИРОДНЫЙ ЗАПОВЕДНИК ""ОЛЕКМИНСКИЙ""";12651800;RUB;;;;;;;"ФЕДЕРАЛЬНОЕ ГОСУДАРСТВЕННОЕ БЮДЖЕТНОЕ УЧРЕЖДЕНИЕ ""ГОСУДАРСТВЕННЫЙ ПРИРОДНЫЙ ЗАПОВЕДНИК ""ОЛЕКМИНСКИЙ""";"ФЕДЕРАЛЬНОЕ ГОСУДАРСТВЕННОЕ БЮДЖЕТНОЕ УЧРЕЖДЕНИЕ ""ГОСУДАРСТВЕННЫЙ ПРИРОДНЫЙ ЗАПОВЕДНИК ""ОЛЕКМИНСКИЙ""";27.10.2021;31.12.2023;Определение поставщика завершено;;;;
№223-ФЗ;№32110763914;Запрос предложений в электронной форме;на право заключения договоров поставки земснаряда для нужд ОСП Рефтинская ГРЭС АО «Кузбассэнерго» (Закупка №0108-2022-Реф).;;;;КУЗБАССКОЕ АКЦИОНЕРНОЕ ОБЩЕСТВО ЭНЕРГЕТИКИ И ЭЛЕКТРИФИКАЦИИ;101295000;RUB;;;;;;;КУЗБАССКОЕ АКЦИОНЕРНОЕ ОБЩЕСТВО ЭНЕРГЕТИКИ И ЭЛЕКТРИФИКАЦИИ;КУЗБАССКОЕ АКЦИОНЕРНОЕ ОБЩЕСТВО ЭНЕРГЕТИКИ И ЭЛЕКТРИФИКАЦИИ;26.10.2021;15.08.2022;Исполнение завершено;;10.01.2022;31.12.2022;
№44-ФЗ;№0372200084221000107;Электронный аукцион;Поставка продукции судостроительной промышленности – маломерного спасательного судна для обеспечения деятельности Санкт-Петербургского государственного казенного учреждения «Поисково-спасательная служба Санкт-Петербурга»;;;;"САНКТ-ПЕТЕРБУРГСКОЕ ГОСУДАРСТВЕННОЕ КАЗЕННОЕ УЧРЕЖДЕНИЕ ""ПОИСКОВО-СПАСАТЕЛЬНАЯ СЛУЖБА САНКТ-ПЕТЕРБУРГА""";312000;RUB;;;;;;;"САНКТ-ПЕТЕРБУРГСКОЕ ГОСУДАРСТВЕННОЕ КАЗЕННОЕ УЧРЕЖДЕНИЕ ""ПОИСКОВО-СПАСАТЕЛЬНАЯ СЛУЖБА САНКТ-ПЕТЕРБУРГА""";"САНКТ-ПЕТЕРБУРГСКОЕ ГОСУДАРСТВЕННОЕ КАЗЕННОЕ УЧРЕЖДЕНИЕ ""ПОИСКОВО-СПАСАТЕЛЬНАЯ СЛУЖБА САНКТ-ПЕТЕРБУРГА""";22.10.2021;30.12.2022;Исполнение завершено;;;;
№44-ФЗ;№0126200000421004544;Электронный аукцион;Поставка многофункционального самоходного земснаряда;;;;УПРАВЛЕНИЕ ГОСУДАРСТВЕННОГО ЗАКАЗА И ЛИЦЕНЗИРОВАНИЯ БЕЛГОРОДСКОЙ ОБЛАСТИ;138000000;RUB;;;;;;;УПРАВЛЕНИЕ ГОСУДАРСТВЕННОГО ЗАКАЗА И ЛИЦЕНЗИРОВАНИЯ БЕЛГОРОДСКОЙ ОБЛАСТИ;УПРАВЛЕНИЕ ГОСУДАРСТВЕННОГО ЗАКАЗА И ЛИЦЕНЗИРОВАНИЯ БЕЛГОРОДСКОЙ ОБЛАСТИ;18.10.2021;01.10.2022;данный открытый запрос предложений признается несостоявшимся;;22.11.2021;;
№223-ФЗ;№32110737619;Закупка у единственного поставщика;"Право заключения договора на выполнение работ по строительству и доставке модернизированных плавучих энергоблоков (ОКПД 2 – 30.11.33.190 «Суда прочие»; ОКПД 2 – 42.22.13.200 «Электростанции атомные»)";;;;ФЕДЕРАЛЬНОЕ ГОСУДАРСТВЕННОЕ УНИТАРНОЕ ПРЕДПРИЯТИЕ АТОМНОГО ФЛОТА;1.90231E+11;RUB;;;;;;;ФЕДЕРАЛЬНОЕ ГОСУДАРСТВЕННОЕ УНИТАРНОЕ ПРЕДПРИЯТИЕ АТОМНОГО ФЛОТА;ФЕДЕРАЛЬНОЕ ГОСУДАРСТВЕННОЕ УНИТАРНОЕ ПРЕДПРИЯТИЕ АТОМНОГО ФЛОТА;18.10.2021;31.08.2023 ;Исполнение;;08.10.2021;30.08.2031;
№44-ФЗ;№0372200084221000104;Электронный аукцион;Поставка продукции судостроительной промышленности – маломерного моторного спасательного судна с прицепом для обеспечения деятельности Санкт-Петербургского государственного казенного учреждения «Поисково-спасательная служба Санкт-Петербурга»;;;;"САНКТ-ПЕТЕРБУРГСКОЕ ГОСУДАРСТВЕННОЕ КАЗЕННОЕ УЧРЕЖДЕНИЕ ""ПОИСКОВО-СПАСАТЕЛЬНАЯ СЛУЖБА САНКТ-ПЕТЕРБУРГА""";1331666.66;RUB;;;;;;;"САНКТ-ПЕТЕРБУРГСКОЕ ГОСУДАРСТВЕННОЕ КАЗЕННОЕ УЧРЕЖДЕНИЕ ""ПОИСКОВО-СПАСАТЕЛЬНАЯ СЛУЖБА САНКТ-ПЕТЕРБУРГА""";"САНКТ-ПЕТЕРБУРГСКОЕ ГОСУДАРСТВЕННОЕ КАЗЕННОЕ УЧРЕЖДЕНИЕ ""ПОИСКОВО-СПАСАТЕЛЬНАЯ СЛУЖБА САНКТ-ПЕТЕРБУРГА""";14.10.2021;31.12.2022;Определение поставщика завершено;;10.11.2021;31.12.2021;
№44-ФЗ;№0142200001321022634;Электронный аукцион;"Поставка маломерного судна на воздушной подушке для нужд ГКУ ""Поисково-спасательная служба Самарской области""";;;;ГЛАВНОЕ УПРАВЛЕНИЕ ОРГАНИЗАЦИИ ТОРГОВ САМАРСКОЙ ОБЛАСТИ;7000000;RUB;;;;;;;ГЛАВНОЕ УПРАВЛЕНИЕ ОРГАНИЗАЦИИ ТОРГОВ САМАРСКОЙ ОБЛАСТИ;ГЛАВНОЕ УПРАВЛЕНИЕ ОРГАНИЗАЦИИ ТОРГОВ САМАРСКОЙ ОБЛАСТИ;07.10.2021;31.12.2022;Исполнение завершено;;;;
№44-ФЗ;№0573100002021000014;Электронный аукцион;"Выполнение строительных работ по объекту ""Ледокол мощностью 18 МВт ледового класса Icebreaker 7 для морских портов Северо-Западного (Балтийского) бассейна""";;;;"ФЕДЕРАЛЬНОЕ ГОСУДАРСТВЕННОЕ УНИТАРНОЕ ПРЕДПРИЯТИЕ ""РОСМОРПОРТ""";10502621100;RUB;;;;;;;"ФЕДЕРАЛЬНОЕ ГОСУДАРСТВЕННОЕ УНИТАРНОЕ ПРЕДПРИЯТИЕ ""РОСМОРПОРТ""";"ФЕДЕРАЛЬНОЕ ГОСУДАРСТВЕННОЕ УНИТАРНОЕ ПРЕДПРИЯТИЕ ""РОСМОРПОРТ""";06.10.2021;;электронный аукцион признан несостоявшимся;;25.11.2021;30.12.2024;
№223-ФЗ;№32110689896;Запрос предложений;Поставка разъездного маломерного судна;;;;"АКЦИОНЕРНОЕ ОБЩЕСТВО ""СРЕДНЕ-НЕВСКИЙ СУДОСТРОИТЕЛЬНЫЙ ЗАВОД""";38400000;RUB;;;;;;;"АКЦИОНЕРНОЕ ОБЩЕСТВО ""СРЕДНЕ-НЕВСКИЙ СУДОСТРОИТЕЛЬНЫЙ ЗАВОД""";"АКЦИОНЕРНОЕ ОБЩЕСТВО ""СРЕДНЕ-НЕВСКИЙ СУДОСТРОИТЕЛЬНЫЙ ЗАВОД""";30.09.2021;31.12.2021;Исполнение завершено;;29.11.2021;;
№44-ФЗ;№0373100089321000257;Электронный аукцион;Многофункциональный земснаряд;;;;"ФЕДЕРАЛЬНОЕ ГОСУДАРСТВЕННОЕ БЮДЖЕТНОЕ ВОДОХОЗЯЙСТВЕННОЕ УЧРЕЖДЕНИЕ ""ЦЕНТРРЕГИОНВОДХОЗ""";87599999;RUB;;;;;;;"ФЕДЕРАЛЬНОЕ ГОСУДАРСТВЕННОЕ БЮДЖЕТНОЕ ВОДОХОЗЯЙСТВЕННОЕ УЧРЕЖДЕНИЕ ""ЦЕНТРРЕГИОНВОДХОЗ""";"ФЕДЕРАЛЬНОЕ ГОСУДАРСТВЕННОЕ БЮДЖЕТНОЕ ВОДОХОЗЯЙСТВЕННОЕ УЧРЕЖДЕНИЕ ""ЦЕНТРРЕГИОНВОДХОЗ""";20.09.2021;11.10.2022;Исполнение завершено;;12.10.2021;;
№44-ФЗ;№0157300021021000237;Электронный аукцион;Поставка самоходного парома (идентификационный номер: 155-А-МЗ-17);;;;Уполномоченный орган АДМИНИСТРАЦИЯ ПЕЧОРСКОГО РАЙОНА;38600000;RUB;;;;;;;Уполномоченный орган АДМИНИСТРАЦИЯ ПЕЧОРСКОГО РАЙОНА;Уполномоченный орган АДМИНИСТРАЦИЯ ПЕЧОРСКОГО РАЙОНА;09.09.2021;25.12.2021;Исполнение завершено;;01.10.2021;15.08.2022;
№44-ФЗ;№0825500000621000110;Электронный аукцион;Поставка трех единиц несамоходных паромов;;;;"ГОСУДАРСТВЕННОЕ КАЗЕННОЕ УЧРЕЖДЕНИЕ АСТРАХАНСКОЙ ОБЛАСТИ ""УПРАВЛЕНИЕ АВТОМОБИЛЬНЫМИ ДОРОГАМИ ОБЩЕГО ПОЛЬЗОВАНИЯ ""АСТРАХАНЬАВТОДОР""";140820000;RUB;;;;;;;"ГОСУДАРСТВЕННОЕ КАЗЕННОЕ УЧРЕЖДЕНИЕ АСТРАХАНСКОЙ ОБЛАСТИ ""УПРАВЛЕНИЕ АВТОМОБИЛЬНЫМИ ДОРОГАМИ ОБЩЕГО ПОЛЬЗОВАНИЯ ""АСТРАХАНЬАВТОДОР""";"ГОСУДАРСТВЕННОЕ КАЗЕННОЕ УЧРЕЖДЕНИЕ АСТРАХАНСКОЙ ОБЛАСТИ ""УПРАВЛЕНИЕ АВТОМОБИЛЬНЫМИ ДОРОГАМИ ОБЩЕГО ПОЛЬЗОВАНИЯ ""АСТРАХАНЬАВТОДОР""";07.09.2021;31.12.2021;Исполнение завершено;;04.10.2021;;
№223-ФЗ;№32110592994;Открытый конкурс в электронной форме;Поставка нефтемусоросборного судна;;;;"ФЕДЕРАЛЬНОЕ ГОСУДАРСТВЕННОЕ БЮДЖЕТНОЕ УЧРЕЖДЕНИЕ ""МОРСКАЯ СПАСАТЕЛЬНАЯ СЛУЖБА""";241263339.2;RUB;;;;;;;"ФЕДЕРАЛЬНОЕ ГОСУДАРСТВЕННОЕ БЮДЖЕТНОЕ УЧРЕЖДЕНИЕ ""МОРСКАЯ СПАСАТЕЛЬНАЯ СЛУЖБА""";"ФЕДЕРАЛЬНОЕ ГОСУДАРСТВЕННОЕ БЮДЖЕТНОЕ УЧРЕЖДЕНИЕ ""МОРСКАЯ СПАСАТЕЛЬНАЯ СЛУЖБА""";27.08.2021;30.10.2021;Исполнение завершено;;11.10.2021;31.01.2024;
№44-ФЗ;№0115100003821000043;Электронный аукцион;Приобретение маломерного судна особой конструкции (аэролодка) с трейлером для транспортировки;;;;ГЛАВНОЕ УПРАВЛЕНИЕ МИНИСТЕРСТВА РОССИЙСКОЙ ФЕДЕРАЦИИ ПО ДЕЛАМ ГРАЖДАНСКОЙ ОБОРОНЫ, ЧРЕЗВЫЧАЙНЫМ СИТУАЦИЯМ И ЛИКВИДАЦИИ ПОСЛЕДСТВИЙ СТИХИЙНЫХ БЕДСТВИЙ ПО ЧУВАШСКОЙ РЕСПУБЛИКЕ - ЧУВАШИИ;9600000;RUB;;;;;;;ГЛАВНОЕ УПРАВЛЕНИЕ МИНИСТЕРСТВА РОССИЙСКОЙ ФЕДЕРАЦИИ ПО ДЕЛАМ ГРАЖДАНСКОЙ ОБОРОНЫ, ЧРЕЗВЫЧАЙНЫМ СИТУАЦИЯМ И ЛИКВИДАЦИИ ПОСЛЕДСТВИЙ СТИХИЙНЫХ БЕДСТВИЙ ПО ЧУВАШСКОЙ РЕСПУБЛИКЕ - ЧУВАШИИ;ГЛАВНОЕ УПРАВЛЕНИЕ МИНИСТЕРСТВА РОССИЙСКОЙ ФЕДЕРАЦИИ ПО ДЕЛАМ ГРАЖДАНСКОЙ ОБОРОНЫ, ЧРЕЗВЫЧАЙНЫМ СИТУАЦИЯМ И ЛИКВИДАЦИИ ПОСЛЕДСТВИЙ СТИХИЙНЫХ БЕДСТВИЙ ПО ЧУВАШСКОЙ РЕСПУБЛИКЕ - ЧУВАШИИ;26.08.2021;;Определение поставщика завершено;;17.09.2021;25.12.2021;
№44-ФЗ;№0318300008821000393;Электронный аукцион;Поставка судна прогулочного прочего.;;;;"МУНИЦИПАЛЬНОЕ КАЗЕННОЕ УЧРЕЖДЕНИЕ ""МУНИЦИПАЛЬНЫЙ ЗАКАЗ"" МУНИЦИПАЛЬНОГО ОБРАЗОВАНИЯ ТЕМРЮКСКИЙ РАЙОН";1121850;RUB;;;;;;;"МУНИЦИПАЛЬНОЕ КАЗЕННОЕ УЧРЕЖДЕНИЕ ""МУНИЦИПАЛЬНЫЙ ЗАКАЗ"" МУНИЦИПАЛЬНОГО ОБРАЗОВАНИЯ ТЕМРЮКСКИЙ РАЙОН";"МУНИЦИПАЛЬНОЕ КАЗЕННОЕ УЧРЕЖДЕНИЕ ""МУНИЦИПАЛЬНЫЙ ЗАКАЗ"" МУНИЦИПАЛЬНОГО ОБРАЗОВАНИЯ ТЕМРЮКСКИЙ РАЙОН";25.08.2021;31.12.2021 ;Исполнение завершено;;20.09.2021;15.11.2021;
№44-ФЗ;№0308100006621000031;Электронный аукцион;Приобретение основных средств: маломерное судно особой конструкции (аэробот);;;;ГЛАВНОЕ УПРАВЛЕНИЕ МИНИСТЕРСТВА РОССИЙСКОЙ ФЕДЕРАЦИИ ПО ДЕЛАМ ГРАЖДАНСКОЙ ОБОРОНЫ, ЧРЕЗВЫЧАЙНЫМ СИТУАЦИЯМ И ЛИКВИДАЦИИ ПОСЛЕДСТВИЙ СТИХИЙНЫХ БЕДСТВИЙ ПО РЕСПУБЛИКЕ МАРИЙ ЭЛ;9600000;RUB;;;;;;;ГЛАВНОЕ УПРАВЛЕНИЕ МИНИСТЕРСТВА РОССИЙСКОЙ ФЕДЕРАЦИИ ПО ДЕЛАМ ГРАЖДАНСКОЙ ОБОРОНЫ, ЧРЕЗВЫЧАЙНЫМ СИТУАЦИЯМ И ЛИКВИДАЦИИ ПОСЛЕДСТВИЙ СТИХИЙНЫХ БЕДСТВИЙ ПО РЕСПУБЛИКЕ МАРИЙ ЭЛ;ГЛАВНОЕ УПРАВЛЕНИЕ МИНИСТЕРСТВА РОССИЙСКОЙ ФЕДЕРАЦИИ ПО ДЕЛАМ ГРАЖДАНСКОЙ ОБОРОНЫ, ЧРЕЗВЫЧАЙНЫМ СИТУАЦИЯМ И ЛИКВИДАЦИИ ПОСЛЕДСТВИЙ СТИХИЙНЫХ БЕДСТВИЙ ПО РЕСПУБЛИКЕ МАРИЙ ЭЛ;20.08.2021;17.07.2023;Определение поставщика завершено;;11.09.2021;31.12.2021;
№44-ФЗ;№0324100019021000014;Открытый конкурс в электронной форме;приобретение служебно-вспомогательного судна длиной 19-20 метров;;;;"ФЕДЕРАЛЬНОЕ ГОСУДАРСТВЕННОЕ БЮДЖЕТНОЕ УЧРЕЖДЕНИЕ ""АРКТИЧЕСКАЯ ДИРЕКЦИЯ ПО ТЕХНИЧЕСКОМУ ОБЕСПЕЧЕНИЮ НАДЗОРА НА МОРЕ""";75000000;RUB;;;;;;;"ФЕДЕРАЛЬНОЕ ГОСУДАРСТВЕННОЕ БЮДЖЕТНОЕ УЧРЕЖДЕНИЕ ""АРКТИЧЕСКАЯ ДИРЕКЦИЯ ПО ТЕХНИЧЕСКОМУ ОБЕСПЕЧЕНИЮ НАДЗОРА НА МОРЕ""";"ФЕДЕРАЛЬНОЕ ГОСУДАРСТВЕННОЕ БЮДЖЕТНОЕ УЧРЕЖДЕНИЕ ""АРКТИЧЕСКАЯ ДИРЕКЦИЯ ПО ТЕХНИЧЕСКОМУ ОБЕСПЕЧЕНИЮ НАДЗОРА НА МОРЕ""";19.08.2021;31.12.2022;Исполнение завершено;;;;
№44-ФЗ;№0324100019021000013;Открытый конкурс в электронной форме;приобретение служебно-разъездного судна длиной 19-20 метров;;;;"ФЕДЕРАЛЬНОЕ ГОСУДАРСТВЕННОЕ БЮДЖЕТНОЕ УЧРЕЖДЕНИЕ ""АРКТИЧЕСКАЯ ДИРЕКЦИЯ ПО ТЕХНИЧЕСКОМУ ОБЕСПЕЧЕНИЮ НАДЗОРА НА МОРЕ""";284066700;RUB;;;;;;;"ФЕДЕРАЛЬНОЕ ГОСУДАРСТВЕННОЕ БЮДЖЕТНОЕ УЧРЕЖДЕНИЕ ""АРКТИЧЕСКАЯ ДИРЕКЦИЯ ПО ТЕХНИЧЕСКОМУ ОБЕСПЕЧЕНИЮ НАДЗОРА НА МОРЕ""";"ФЕДЕРАЛЬНОЕ ГОСУДАРСТВЕННОЕ БЮДЖЕТНОЕ УЧРЕЖДЕНИЕ ""АРКТИЧЕСКАЯ ДИРЕКЦИЯ ПО ТЕХНИЧЕСКОМУ ОБЕСПЕЧЕНИЮ НАДЗОРА НА МОРЕ""";05.08.2021;31.12.2021;Исполнение завершено;;17.09.2021;31.12.2023;
№44-ФЗ;№0573100002021000011;Запрос предложений в электронной форме;Ледокол мощностью 18 МВт ледового класса Icebreaker7 для морских портов  Северо-Западного (Балтийского) бассейна;;;;"ФЕДЕРАЛЬНОЕ ГОСУДАРСТВЕННОЕ УНИТАРНОЕ ПРЕДПРИЯТИЕ ""РОСМОРПОРТ""";10502621100;RUB;;;;;;;"ФЕДЕРАЛЬНОЕ ГОСУДАРСТВЕННОЕ УНИТАРНОЕ ПРЕДПРИЯТИЕ ""РОСМОРПОРТ""";"ФЕДЕРАЛЬНОЕ ГОСУДАРСТВЕННОЕ УНИТАРНОЕ ПРЕДПРИЯТИЕ ""РОСМОРПОРТ""";05.08.2021;31.12.2021;Исполнение завершено;;Контракт не заключен;;
№44-ФЗ;№0324100019021000012;Открытый конкурс в электронной форме;приобретение служебно-разъездного судна длиной 19-20 метров;;;;"ФЕДЕРАЛЬНОЕ ГОСУДАРСТВЕННОЕ БЮДЖЕТНОЕ УЧРЕЖДЕНИЕ ""АРКТИЧЕСКАЯ ДИРЕКЦИЯ ПО ТЕХНИЧЕСКОМУ ОБЕСПЕЧЕНИЮ НАДЗОРА НА МОРЕ""";284066700;RUB;;;;;;;"ФЕДЕРАЛЬНОЕ ГОСУДАРСТВЕННОЕ БЮДЖЕТНОЕ УЧРЕЖДЕНИЕ ""АРКТИЧЕСКАЯ ДИРЕКЦИЯ ПО ТЕХНИЧЕСКОМУ ОБЕСПЕЧЕНИЮ НАДЗОРА НА МОРЕ""";"ФЕДЕРАЛЬНОЕ ГОСУДАРСТВЕННОЕ БЮДЖЕТНОЕ УЧРЕЖДЕНИЕ ""АРКТИЧЕСКАЯ ДИРЕКЦИЯ ПО ТЕХНИЧЕСКОМУ ОБЕСПЕЧЕНИЮ НАДЗОРА НА МОРЕ""";02.08.2021;14.12.2022;Закупка завершена;;;;
№223-ФЗ;№32110522546;Запрос предложений;Поставка разъездного маломерного судна;;;;"АКЦИОНЕРНОЕ ОБЩЕСТВО ""СРЕДНЕ-НЕВСКИЙ СУДОСТРОИТЕЛЬНЫЙ ЗАВОД""";26900000;RUB;;;;;;;"АКЦИОНЕРНОЕ ОБЩЕСТВО ""СРЕДНЕ-НЕВСКИЙ СУДОСТРОИТЕЛЬНЫЙ ЗАВОД""";"АКЦИОНЕРНОЕ ОБЩЕСТВО ""СРЕДНЕ-НЕВСКИЙ СУДОСТРОИТЕЛЬНЫЙ ЗАВОД""";02.08.2021;14.12.2022;Закупка завершена;;Контракт не заключен;;
№44-ФЗ;№0173100004521001430;Закрытый аукцион;Поставка «Проект 705бм – рейдовый буксир для восточного региона (сдача 1 единицы в 2023 году, 1 единицы в 2025 году)»;;;;МИНИСТЕРСТВО ОБОРОНЫ РОССИЙСКОЙ ФЕДЕРАЦИИ;477515870.2;RUB;;;;;;;МИНИСТЕРСТВО ОБОРОНЫ РОССИЙСКОЙ ФЕДЕРАЦИИ;МИНИСТЕРСТВО ОБОРОНЫ РОССИЙСКОЙ ФЕДЕРАЦИИ;28.07.2021;14.12.2022;Закупка завершена;;;;
№44-ФЗ;№0572100000221000004;Электронный аукцион;Строительство головного гидрографического лоцмейстерского судна ледового класса Arc7;;;;ФЕДЕРАЛЬНОЕ ГОСУДАРСТВЕННОЕ УНИТАРНОЕ ГИДРОГРАФИЧЕСКОЕ ПРЕДПРИЯТИЕ;7067180000;RUB;;;;;;;ФЕДЕРАЛЬНОЕ ГОСУДАРСТВЕННОЕ УНИТАРНОЕ ГИДРОГРАФИЧЕСКОЕ ПРЕДПРИЯТИЕ;ФЕДЕРАЛЬНОЕ ГОСУДАРСТВЕННОЕ УНИТАРНОЕ ГИДРОГРАФИЧЕСКОЕ ПРЕДПРИЯТИЕ;28.07.2021;14.12.2022;Закупка завершена;;;;
№223-ФЗ;№32110500609;Закупка у единственного поставщика;Право заключения контракта на выполнение работ по строительству и поставке портового буксира ледового класса ARC4 (ОКПД 2 - 30.11.32.113 «Буксиры портовые») (стр. № 512630);;;;ФЕДЕРАЛЬНОЕ ГОСУДАРСТВЕННОЕ УНИТАРНОЕ ПРЕДПРИЯТИЕ АТОМНОГО ФЛОТА;769463467.2;RUB;;;;;;;ФЕДЕРАЛЬНОЕ ГОСУДАРСТВЕННОЕ УНИТАРНОЕ ПРЕДПРИЯТИЕ АТОМНОГО ФЛОТА;ФЕДЕРАЛЬНОЕ ГОСУДАРСТВЕННОЕ УНИТАРНОЕ ПРЕДПРИЯТИЕ АТОМНОГО ФЛОТА;26.07.2021;14.12.2022;Закупка завершена;;30.07.2021;14.12.2022;
№223-ФЗ;№32110501454;Закупка у единственного поставщика;Право заключения контракта на выполнение работ по строительству и поставке портового буксира ледового класса ARC4 (ОКПД 2 - 30.11.32.113 «Буксиры портовые») (стр. № 512631);;;;ФЕДЕРАЛЬНОЕ ГОСУДАРСТВЕННОЕ УНИТАРНОЕ ПРЕДПРИЯТИЕ АТОМНОГО ФЛОТА;769463467.2;RUB;;;;;;;ФЕДЕРАЛЬНОЕ ГОСУДАРСТВЕННОЕ УНИТАРНОЕ ПРЕДПРИЯТИЕ АТОМНОГО ФЛОТА;ФЕДЕРАЛЬНОЕ ГОСУДАРСТВЕННОЕ УНИТАРНОЕ ПРЕДПРИЯТИЕ АТОМНОГО ФЛОТА;26.07.2021;;;;30.07.2021;14.12.2022;
№223-ФЗ;№32110502103;Закупка у единственного поставщика;Право заключения контракта на выполнение работ по строительству и поставке портового буксира ледового класса ARC4 (ОКПД 2 - 30.11.32.113 «Буксиры портовые») (стр. № 512632);;;;ФЕДЕРАЛЬНОЕ ГОСУДАРСТВЕННОЕ УНИТАРНОЕ ПРЕДПРИЯТИЕ АТОМНОГО ФЛОТА;769463467.2;RUB;;;;;;;ФЕДЕРАЛЬНОЕ ГОСУДАРСТВЕННОЕ УНИТАРНОЕ ПРЕДПРИЯТИЕ АТОМНОГО ФЛОТА;ФЕДЕРАЛЬНОЕ ГОСУДАРСТВЕННОЕ УНИТАРНОЕ ПРЕДПРИЯТИЕ АТОМНОГО ФЛОТА;26.07.2021;;;;30.07.2021;14.12.2022;
№223-ФЗ;№32110502355;Закупка у единственного поставщика;Право заключения контракта на выполнение работ по строительству и поставке портового буксира ледового класса ARC4 (ОКПД 2 - 30.11.32.113 «Буксиры портовые») (стр. № 512633);;;;ФЕДЕРАЛЬНОЕ ГОСУДАРСТВЕННОЕ УНИТАРНОЕ ПРЕДПРИЯТИЕ АТОМНОГО ФЛОТА;769463467.2;RUB;;;;;;;ФЕДЕРАЛЬНОЕ ГОСУДАРСТВЕННОЕ УНИТАРНОЕ ПРЕДПРИЯТИЕ АТОМНОГО ФЛОТА;ФЕДЕРАЛЬНОЕ ГОСУДАРСТВЕННОЕ УНИТАРНОЕ ПРЕДПРИЯТИЕ АТОМНОГО ФЛОТА;26.07.2021;;;;30.07.2021;14.12.2022;
№223-ФЗ;№32110502413;Закупка у единственного поставщика;Право заключения контракта на выполнение работ по строительству и поставке портового буксира ледового класса ARC4 (ОКПД 2 - 30.11.32.113 «Буксиры портовые») (стр. № 512634);;;;ФЕДЕРАЛЬНОЕ ГОСУДАРСТВЕННОЕ УНИТАРНОЕ ПРЕДПРИЯТИЕ АТОМНОГО ФЛОТА;769463467.2;RUB;;;;;;;ФЕДЕРАЛЬНОЕ ГОСУДАРСТВЕННОЕ УНИТАРНОЕ ПРЕДПРИЯТИЕ АТОМНОГО ФЛОТА;ФЕДЕРАЛЬНОЕ ГОСУДАРСТВЕННОЕ УНИТАРНОЕ ПРЕДПРИЯТИЕ АТОМНОГО ФЛОТА;26.07.2021;;;;30.07.2021;14.12.2022;
№223-ФЗ;№32110484691;Открытый конкурс;Открытый конкурс (№ ЦА 43-21) по выбору организации на право заключения договора на выполнение работ по строительству буксира для нужд ФГУП «Росморпорт»;;;;"ФЕДЕРАЛЬНОЕ ГОСУДАРСТВЕННОЕ УНИТАРНОЕ ПРЕДПРИЯТИЕ ""РОСМОРПОРТ""";604792000;RUB;;;;;;;"ФЕДЕРАЛЬНОЕ ГОСУДАРСТВЕННОЕ УНИТАРНОЕ ПРЕДПРИЯТИЕ ""РОСМОРПОРТ""";"ФЕДЕРАЛЬНОЕ ГОСУДАРСТВЕННОЕ УНИТАРНОЕ ПРЕДПРИЯТИЕ ""РОСМОРПОРТ""";20.07.2021;;;;15.10.2021;15.03.2023;
№44-ФЗ;№0173100004521001247;Закрытый аукцион;Поставка «Проект 705бм – рейдовый буксир для восточного региона (сдача 1 единицы в 2023 году, 1 единицы в 2025 году)»;;;;МИНИСТЕРСТВО ОБОРОНЫ РОССИЙСКОЙ ФЕДЕРАЦИИ;477515870.2;RUB;;;;;;;МИНИСТЕРСТВО ОБОРОНЫ РОССИЙСКОЙ ФЕДЕРАЦИИ;МИНИСТЕРСТВО ОБОРОНЫ РОССИЙСКОЙ ФЕДЕРАЦИИ;08.07.2021;;;;;;
№44-ФЗ;№0348100046521000089;Электронный аукцион;Пожарный катер;;;;"ФЕДЕРАЛЬНОЕ КАЗЕННОЕ УЧРЕЖДЕНИЕ ""ЦЕНТРАЛЬНАЯ БАЗА ИЗМЕРИТЕЛЬНОЙ ТЕХНИКИ МИНИСТЕРСТВА РОССИЙСКОЙ ФЕДЕРАЦИИ ПО ДЕЛАМ ГРАЖДАНСКОЙ ОБОРОНЫ, ЧРЕЗВЫЧАЙНЫМ СИТУАЦИЯМ И ЛИКВИДАЦИИ ПОСЛЕДСТВИЙ СТИХИЙНЫХ БЕДСТВИЙ""";233800000;RUB;;;;;;;"ФЕДЕРАЛЬНОЕ КАЗЕННОЕ УЧРЕЖДЕНИЕ ""ЦЕНТРАЛЬНАЯ БАЗА ИЗМЕРИТЕЛЬНОЙ ТЕХНИКИ МИНИСТЕРСТВА РОССИЙСКОЙ ФЕДЕРАЦИИ ПО ДЕЛАМ ГРАЖДАНСКОЙ ОБОРОНЫ, ЧРЕЗВЫЧАЙНЫМ СИТУАЦИЯМ И ЛИКВИДАЦИИ ПОСЛЕДСТВИЙ СТИХИЙНЫХ БЕДСТВИЙ""";"ФЕДЕРАЛЬНОЕ КАЗЕННОЕ УЧРЕЖДЕНИЕ ""ЦЕНТРАЛЬНАЯ БАЗА ИЗМЕРИТЕЛЬНОЙ ТЕХНИКИ МИНИСТЕРСТВА РОССИЙСКОЙ ФЕДЕРАЦИИ ПО ДЕЛАМ ГРАЖДАНСКОЙ ОБОРОНЫ, ЧРЕЗВЫЧАЙНЫМ СИТУАЦИЯМ И ЛИКВИДАЦИИ ПОСЛЕДСТВИЙ СТИХИЙНЫХ БЕДСТВИЙ""";06.07.2021;;;;12.11.2021;20.03.2023;
№223-ФЗ;№32110430402;Запрос предложений;Поставка разъездного маломерного судна;;;;"АКЦИОНЕРНОЕ ОБЩЕСТВО ""СРЕДНЕ-НЕВСКИЙ СУДОСТРОИТЕЛЬНЫЙ ЗАВОД""";26900000;RUB;;;;;;;"АКЦИОНЕРНОЕ ОБЩЕСТВО ""СРЕДНЕ-НЕВСКИЙ СУДОСТРОИТЕЛЬНЫЙ ЗАВОД""";"АКЦИОНЕРНОЕ ОБЩЕСТВО ""СРЕДНЕ-НЕВСКИЙ СУДОСТРОИТЕЛЬНЫЙ ЗАВОД""";29.06.2021;;;;;;
№44-ФЗ;№0171100003721000040;Электронный аукцион;Поставка маломерного судна особой конструкции (аэробот) (УБВО);;;;ГЛАВНОЕ УПРАВЛЕНИЕ МИНИСТЕРСТВА РОССИЙСКОЙ ФЕДЕРАЦИИ ПО ДЕЛАМ ГРАЖДАНСКОЙ ОБОРОНЫ, ЧРЕЗВЫЧАЙНЫМ СИТУАЦИЯМ И ЛИКВИДАЦИИ ПОСЛЕДСТВИЙ СТИХИЙНЫХ БЕДСТВИЙ ПО ЯРОСЛАВСКОЙ ОБЛАСТИ;8800000;RUB;;;;;;;ГЛАВНОЕ УПРАВЛЕНИЕ МИНИСТЕРСТВА РОССИЙСКОЙ ФЕДЕРАЦИИ ПО ДЕЛАМ ГРАЖДАНСКОЙ ОБОРОНЫ, ЧРЕЗВЫЧАЙНЫМ СИТУАЦИЯМ И ЛИКВИДАЦИИ ПОСЛЕДСТВИЙ СТИХИЙНЫХ БЕДСТВИЙ ПО ЯРОСЛАВСКОЙ ОБЛАСТИ;ГЛАВНОЕ УПРАВЛЕНИЕ МИНИСТЕРСТВА РОССИЙСКОЙ ФЕДЕРАЦИИ ПО ДЕЛАМ ГРАЖДАНСКОЙ ОБОРОНЫ, ЧРЕЗВЫЧАЙНЫМ СИТУАЦИЯМ И ЛИКВИДАЦИИ ПОСЛЕДСТВИЙ СТИХИЙНЫХ БЕДСТВИЙ ПО ЯРОСЛАВСКОЙ ОБЛАСТИ;24.06.2021;;;;13.07.2021;30.10.2021;
№44-ФЗ;№0572100000221000003;Электронный аукцион;Строительство головного гидрографического лоцмейстерского судна ледового класса Arc7;;;;ФЕДЕРАЛЬНОЕ ГОСУДАРСТВЕННОЕ УНИТАРНОЕ ГИДРОГРАФИЧЕСКОЕ ПРЕДПРИЯТИЕ;7067180000;RUB;;;;;;;ФЕДЕРАЛЬНОЕ ГОСУДАРСТВЕННОЕ УНИТАРНОЕ ГИДРОГРАФИЧЕСКОЕ ПРЕДПРИЯТИЕ;ФЕДЕРАЛЬНОЕ ГОСУДАРСТВЕННОЕ УНИТАРНОЕ ГИДРОГРАФИЧЕСКОЕ ПРЕДПРИЯТИЕ;22.06.2021;;;;;;
№44-ФЗ;№0138200003121000008;Открытый конкурс в электронной форме;Строительство автомобильно-пассажирского парома для организации паромного сообщения через протоку «Озерная» в Усть-Камчатском муниципальном районе;;;;МИНИСТЕРСТВО ТРАНСПОРТА И ДОРОЖНОГО СТРОИТЕЛЬСТВА КАМЧАТСКОГО КРАЯ;495000000;RUB;;;;;;;МИНИСТЕРСТВО ТРАНСПОРТА И ДОРОЖНОГО СТРОИТЕЛЬСТВА КАМЧАТСКОГО КРАЯ;МИНИСТЕРСТВО ТРАНСПОРТА И ДОРОЖНОГО СТРОИТЕЛЬСТВА КАМЧАТСКОГО КРАЯ;18.06.2021;;;;02.08.2021;;
№44-ФЗ;№0373100119621000005;Открытый конкурс в электронной форме;Строительство многофункциональных аварийно-спасательных судов ледового класса. Многофункциональное аварийно-спасательное судно мощностью 18 МВт. Проект IBSV02;;;;"ФЕДЕРАЛЬНОЕ КАЗЕННОЕ УЧРЕЖДЕНИЕ ""ДИРЕКЦИЯ ГОСУДАРСТВЕННОГО ЗАКАЗЧИКА ПРОГРАММ РАЗВИТИЯ МОРСКОГО ТРАНСПОРТА""";13296800000;RUB;;;;;;;"ФЕДЕРАЛЬНОЕ КАЗЕННОЕ УЧРЕЖДЕНИЕ ""ДИРЕКЦИЯ ГОСУДАРСТВЕННОГО ЗАКАЗЧИКА ПРОГРАММ РАЗВИТИЯ МОРСКОГО ТРАНСПОРТА""";"ФЕДЕРАЛЬНОЕ КАЗЕННОЕ УЧРЕЖДЕНИЕ ""ДИРЕКЦИЯ ГОСУДАРСТВЕННОГО ЗАКАЗЧИКА ПРОГРАММ РАЗВИТИЯ МОРСКОГО ТРАНСПОРТА""";18.06.2021;;;;;;
№44-ФЗ;№1020600000221000005;Электронный аукцион;судно для перевозки пассажиров;;;;"МУНИЦИПАЛЬНОЕ АВТОНОМНОЕ УЧРЕЖДЕНИЕ ""РАСЧЁТНО-КАССОВЫЙ ЦЕНТР"" ГОРОДСКОГО ОКРУГА ЗАТО ГОРОД ФОКИНО";7000000;RUB;;;;;;;"МУНИЦИПАЛЬНОЕ АВТОНОМНОЕ УЧРЕЖДЕНИЕ ""РАСЧЁТНО-КАССОВЫЙ ЦЕНТР"" ГОРОДСКОГО ОКРУГА ЗАТО ГОРОД ФОКИНО";"МУНИЦИПАЛЬНОЕ АВТОНОМНОЕ УЧРЕЖДЕНИЕ ""РАСЧЁТНО-КАССОВЫЙ ЦЕНТР"" ГОРОДСКОГО ОКРУГА ЗАТО ГОРОД ФОКИНО";18.06.2021;;;;12.07.2021;;
№223-ФЗ;№32110391630;Открытый конкурс (до 01.07.18);Поставка маломерных судов для нужд ФГБУ «АМП Западной Арктики»;;;;"ФЕДЕРАЛЬНОЕ ГОСУДАРСТВЕННОЕ БЮДЖЕТНОЕ УЧРЕЖДЕНИЕ ""АДМИНИСТРАЦИЯ МОРСКИХ ПОРТОВ ЗАПАДНОЙ АРКТИКИ""";208528333.3;RUB;;;;;;;"ФЕДЕРАЛЬНОЕ ГОСУДАРСТВЕННОЕ БЮДЖЕТНОЕ УЧРЕЖДЕНИЕ ""АДМИНИСТРАЦИЯ МОРСКИХ ПОРТОВ ЗАПАДНОЙ АРКТИКИ""";"ФЕДЕРАЛЬНОЕ ГОСУДАРСТВЕННОЕ БЮДЖЕТНОЕ УЧРЕЖДЕНИЕ ""АДМИНИСТРАЦИЯ МОРСКИХ ПОРТОВ ЗАПАДНОЙ АРКТИКИ""";17.06.2021;;;;03.08.2021;24.12.2021;
№223-ФЗ;№32110380691;Закупка у единственного поставщика;Сухогрузное судно проекта RSD59;;;;"АКЦИОНЕРНОЕ ОБЩЕСТВО ""ГОСУДАРСТВЕННАЯ ТРАНСПОРТНАЯ ЛИЗИНГОВАЯ КОМПАНИЯ""";12870000000;RUB;;;;;;;"АКЦИОНЕРНОЕ ОБЩЕСТВО ""ГОСУДАРСТВЕННАЯ ТРАНСПОРТНАЯ ЛИЗИНГОВАЯ КОМПАНИЯ""";"АКЦИОНЕРНОЕ ОБЩЕСТВО ""ГОСУДАРСТВЕННАЯ ТРАНСПОРТНАЯ ЛИЗИНГОВАЯ КОМПАНИЯ""";11.06.2021;;;;16.06.2021;31.10.2022;
№44-ФЗ;№0324100010421000092;Электронный аукцион;Приобретение в собственность Российской Федерации недвижимого имущества (самоходного роторно-ковшевого земснаряда  с фрезерным рыхлителем) на условиях  финансовой аренды (лизинга);;;;"ФЕДЕРАЛЬНОЕ БЮДЖЕТНОЕ УЧРЕЖДЕНИЕ ""АДМИНИСТРАЦИЯ СЕВЕРО-ДВИНСКОГО БАССЕЙНА ВНУТРЕННИХ ВОДНЫХ ПУТЕЙ""";3535814640;RUB;;;;;;;"ФЕДЕРАЛЬНОЕ БЮДЖЕТНОЕ УЧРЕЖДЕНИЕ ""АДМИНИСТРАЦИЯ СЕВЕРО-ДВИНСКОГО БАССЕЙНА ВНУТРЕННИХ ВОДНЫХ ПУТЕЙ""";"ФЕДЕРАЛЬНОЕ БЮДЖЕТНОЕ УЧРЕЖДЕНИЕ ""АДМИНИСТРАЦИЯ СЕВЕРО-ДВИНСКОГО БАССЕЙНА ВНУТРЕННИХ ВОДНЫХ ПУТЕЙ""";09.06.2021;;;;;;
№44-ФЗ;№0373100024621000007;Открытый конкурс в электронной форме;Выполнение строительных работ по объекту «Строительство многофункциональных аварийно-спасательных судов ледового класса. Буксирно-спасательное судно ледового класса Arc4. Проект NE025»;;;;"ФЕДЕРАЛЬНОЕ ГОСУДАРСТВЕННОЕ БЮДЖЕТНОЕ УЧРЕЖДЕНИЕ ""МОРСКАЯ СПАСАТЕЛЬНАЯ СЛУЖБА""";2600000000;RUB;;;;;;;"ФЕДЕРАЛЬНОЕ ГОСУДАРСТВЕННОЕ БЮДЖЕТНОЕ УЧРЕЖДЕНИЕ ""МОРСКАЯ СПАСАТЕЛЬНАЯ СЛУЖБА""";"ФЕДЕРАЛЬНОЕ ГОСУДАРСТВЕННОЕ БЮДЖЕТНОЕ УЧРЕЖДЕНИЕ ""МОРСКАЯ СПАСАТЕЛЬНАЯ СЛУЖБА""";02.06.2021;;;;23.07.2021;;
№44-ФЗ;№0373100064621000383;Закрытый аукцион;Закупка катера БЛ-860К (спецификация 2) для обеспечения государственных нужд в 2021 году;;;;"ФЕДЕРАЛЬНОЕ ГОСУДАРСТВЕННОЕ КАЗЕННОЕ УЧРЕЖДЕНИЕ ""ВОЙСКОВАЯ ЧАСТЬ 55056"" ";62767508.07;RUB;;;;;;;"ФЕДЕРАЛЬНОЕ ГОСУДАРСТВЕННОЕ КАЗЕННОЕ УЧРЕЖДЕНИЕ ""ВОЙСКОВАЯ ЧАСТЬ 55056"" ";"ФЕДЕРАЛЬНОЕ ГОСУДАРСТВЕННОЕ КАЗЕННОЕ УЧРЕЖДЕНИЕ ""ВОЙСКОВАЯ ЧАСТЬ 55056"" ";25.05.2021;;;;;;
№44-ФЗ;№0572100000221000001;Электронный аукцион;Строительство головного гидрографического лоцмейстерского судна ледового класса Arc7;;;;ФЕДЕРАЛЬНОЕ ГОСУДАРСТВЕННОЕ УНИТАРНОЕ ГИДРОГРАФИЧЕСКОЕ ПРЕДПРИЯТИЕ;7067180000;RUB;;;;;;;ФЕДЕРАЛЬНОЕ ГОСУДАРСТВЕННОЕ УНИТАРНОЕ ГИДРОГРАФИЧЕСКОЕ ПРЕДПРИЯТИЕ;ФЕДЕРАЛЬНОЕ ГОСУДАРСТВЕННОЕ УНИТАРНОЕ ГИДРОГРАФИЧЕСКОЕ ПРЕДПРИЯТИЕ;25.05.2021;;;;;;
№44-ФЗ;№0348100046521000066;Электронный аукцион;Маломерное судно класса «М»;;;;"ФЕДЕРАЛЬНОЕ КАЗЕННОЕ УЧРЕЖДЕНИЕ ""ЦЕНТРАЛЬНАЯ БАЗА ИЗМЕРИТЕЛЬНОЙ ТЕХНИКИ МИНИСТЕРСТВА РОССИЙСКОЙ ФЕДЕРАЦИИ ПО ДЕЛАМ ГРАЖДАНСКОЙ ОБОРОНЫ, ЧРЕЗВЫЧАЙНЫМ СИТУАЦИЯМ И ЛИКВИДАЦИИ ПОСЛЕДСТВИЙ СТИХИЙНЫХ БЕДСТВИЙ""";92000000;RUB;;;;;;;"ФЕДЕРАЛЬНОЕ КАЗЕННОЕ УЧРЕЖДЕНИЕ ""ЦЕНТРАЛЬНАЯ БАЗА ИЗМЕРИТЕЛЬНОЙ ТЕХНИКИ МИНИСТЕРСТВА РОССИЙСКОЙ ФЕДЕРАЦИИ ПО ДЕЛАМ ГРАЖДАНСКОЙ ОБОРОНЫ, ЧРЕЗВЫЧАЙНЫМ СИТУАЦИЯМ И ЛИКВИДАЦИИ ПОСЛЕДСТВИЙ СТИХИЙНЫХ БЕДСТВИЙ""";"ФЕДЕРАЛЬНОЕ КАЗЕННОЕ УЧРЕЖДЕНИЕ ""ЦЕНТРАЛЬНАЯ БАЗА ИЗМЕРИТЕЛЬНОЙ ТЕХНИКИ МИНИСТЕРСТВА РОССИЙСКОЙ ФЕДЕРАЦИИ ПО ДЕЛАМ ГРАЖДАНСКОЙ ОБОРОНЫ, ЧРЕЗВЫЧАЙНЫМ СИТУАЦИЯМ И ЛИКВИДАЦИИ ПОСЛЕДСТВИЙ СТИХИЙНЫХ БЕДСТВИЙ""";21.05.2021;;;;13.09.2021;;
№44-ФЗ;№1020600000221000004;Электронный аукцион;судно для перевозки пассажиров;;;;"МУНИЦИПАЛЬНОЕ АВТОНОМНОЕ УЧРЕЖДЕНИЕ ""РАСЧЁТНО-КАССОВЫЙ ЦЕНТР"" ГОРОДСКОГО ОКРУГА ЗАТО ГОРОД ФОКИНО";7000000;RUB;;;;;;;"МУНИЦИПАЛЬНОЕ АВТОНОМНОЕ УЧРЕЖДЕНИЕ ""РАСЧЁТНО-КАССОВЫЙ ЦЕНТР"" ГОРОДСКОГО ОКРУГА ЗАТО ГОРОД ФОКИНО";"МУНИЦИПАЛЬНОЕ АВТОНОМНОЕ УЧРЕЖДЕНИЕ ""РАСЧЁТНО-КАССОВЫЙ ЦЕНТР"" ГОРОДСКОГО ОКРУГА ЗАТО ГОРОД ФОКИНО";21.05.2021;;;;;;
№44-ФЗ;№0348100046521000064;Электронный аукцион;Маломерное судно длиной до 5 метров;;;;"ФЕДЕРАЛЬНОЕ КАЗЕННОЕ УЧРЕЖДЕНИЕ ""ЦЕНТРАЛЬНАЯ БАЗА ИЗМЕРИТЕЛЬНОЙ ТЕХНИКИ МИНИСТЕРСТВА РОССИЙСКОЙ ФЕДЕРАЦИИ ПО ДЕЛАМ ГРАЖДАНСКОЙ ОБОРОНЫ, ЧРЕЗВЫЧАЙНЫМ СИТУАЦИЯМ И ЛИКВИДАЦИИ ПОСЛЕДСТВИЙ СТИХИЙНЫХ БЕДСТВИЙ""";148200000;RUB;;;;;;;"ФЕДЕРАЛЬНОЕ КАЗЕННОЕ УЧРЕЖДЕНИЕ ""ЦЕНТРАЛЬНАЯ БАЗА ИЗМЕРИТЕЛЬНОЙ ТЕХНИКИ МИНИСТЕРСТВА РОССИЙСКОЙ ФЕДЕРАЦИИ ПО ДЕЛАМ ГРАЖДАНСКОЙ ОБОРОНЫ, ЧРЕЗВЫЧАЙНЫМ СИТУАЦИЯМ И ЛИКВИДАЦИИ ПОСЛЕДСТВИЙ СТИХИЙНЫХ БЕДСТВИЙ""";"ФЕДЕРАЛЬНОЕ КАЗЕННОЕ УЧРЕЖДЕНИЕ ""ЦЕНТРАЛЬНАЯ БАЗА ИЗМЕРИТЕЛЬНОЙ ТЕХНИКИ МИНИСТЕРСТВА РОССИЙСКОЙ ФЕДЕРАЦИИ ПО ДЕЛАМ ГРАЖДАНСКОЙ ОБОРОНЫ, ЧРЕЗВЫЧАЙНЫМ СИТУАЦИЯМ И ЛИКВИДАЦИИ ПОСЛЕДСТВИЙ СТИХИЙНЫХ БЕДСТВИЙ""";19.05.2021;;;;09.07.2021;31.12.2023 ;
№44-ФЗ;№0573100002021000005;Открытый конкурс в электронной форме;"Выполнение строительных работ по объекту ""Ледокол мощностью 18 МВт ледового класса Icebreaker 7 для морских портов Северо-Западного (Балтийского) бассейна";;;;"ФЕДЕРАЛЬНОЕ ГОСУДАРСТВЕННОЕ УНИТАРНОЕ ПРЕДПРИЯТИЕ ""РОСМОРПОРТ""";10502621100;RUB;;;;;;;"ФЕДЕРАЛЬНОЕ ГОСУДАРСТВЕННОЕ УНИТАРНОЕ ПРЕДПРИЯТИЕ ""РОСМОРПОРТ""";"ФЕДЕРАЛЬНОЕ ГОСУДАРСТВЕННОЕ УНИТАРНОЕ ПРЕДПРИЯТИЕ ""РОСМОРПОРТ""";18.05.2021;;;;;;
№44-ФЗ;№0173200001421000699;Электронный аукцион;"Выполнение работ по строительству ледокола-буксира для нужд ГУП ""Мосгортранс""";;;;ДЕПАРТАМЕНТ ГОРОДА МОСКВЫ ПО КОНКУРЕНТНОЙ ПОЛИТИКЕ;173607884.6;RUB;;;;;;;ДЕПАРТАМЕНТ ГОРОДА МОСКВЫ ПО КОНКУРЕНТНОЙ ПОЛИТИКЕ;ДЕПАРТАМЕНТ ГОРОДА МОСКВЫ ПО КОНКУРЕНТНОЙ ПОЛИТИКЕ;13.05.2021;;;;07.06.2021;02.06.2022;
№44-ФЗ;№0373100119621000004;Открытый конкурс в электронной форме;Строительство многофункциональных аварийно-спасательных судов ледового класса. Многофункциональное аварийно-спасательное судно мощностью 7 МВт. Проект MPSV06M;;;;"ФЕДЕРАЛЬНОЕ КАЗЕННОЕ УЧРЕЖДЕНИЕ ""ДИРЕКЦИЯ ГОСУДАРСТВЕННОГО ЗАКАЗЧИКА ПРОГРАММ РАЗВИТИЯ МОРСКОГО ТРАНСПОРТА""";6951200000;RUB;;;;;;;"ФЕДЕРАЛЬНОЕ КАЗЕННОЕ УЧРЕЖДЕНИЕ ""ДИРЕКЦИЯ ГОСУДАРСТВЕННОГО ЗАКАЗЧИКА ПРОГРАММ РАЗВИТИЯ МОРСКОГО ТРАНСПОРТА""";"ФЕДЕРАЛЬНОЕ КАЗЕННОЕ УЧРЕЖДЕНИЕ ""ДИРЕКЦИЯ ГОСУДАРСТВЕННОГО ЗАКАЗЧИКА ПРОГРАММ РАЗВИТИЯ МОРСКОГО ТРАНСПОРТА""";12.05.2021;;;;24.06.2021;30.01.2025;
№44-ФЗ;№0373100119621000003;Открытый конкурс в электронной форме;Строительство многофункциональных аварийно-спасательных судов ледового класса. Многоцелевой морской буксир проекта Т3150;;;;"ФЕДЕРАЛЬНОЕ КАЗЕННОЕ УЧРЕЖДЕНИЕ ""ДИРЕКЦИЯ ГОСУДАРСТВЕННОГО ЗАКАЗЧИКА ПРОГРАММ РАЗВИТИЯ МОРСКОГО ТРАНСПОРТА""";4240600000;RUB;;;;;;;"ФЕДЕРАЛЬНОЕ КАЗЕННОЕ УЧРЕЖДЕНИЕ ""ДИРЕКЦИЯ ГОСУДАРСТВЕННОГО ЗАКАЗЧИКА ПРОГРАММ РАЗВИТИЯ МОРСКОГО ТРАНСПОРТА""";"ФЕДЕРАЛЬНОЕ КАЗЕННОЕ УЧРЕЖДЕНИЕ ""ДИРЕКЦИЯ ГОСУДАРСТВЕННОГО ЗАКАЗЧИКА ПРОГРАММ РАЗВИТИЯ МОРСКОГО ТРАНСПОРТА""";11.05.2021;;;;12.07.2021;22.01.2025;
№44-ФЗ;№0573100002021000004;Открытый конкурс в электронной форме;"Выполнение строительных работ по объекту ""Строительство вспомогательного ледокола мощностью 12-14 МВт ледового класса  Icebreaker7 (2 ед.)""";;;;"ФЕДЕРАЛЬНОЕ ГОСУДАРСТВЕННОЕ УНИТАРНОЕ ПРЕДПРИЯТИЕ ""РОСМОРПОРТ""";18533273300;RUB;;;;;;;"ФЕДЕРАЛЬНОЕ ГОСУДАРСТВЕННОЕ УНИТАРНОЕ ПРЕДПРИЯТИЕ ""РОСМОРПОРТ""";"ФЕДЕРАЛЬНОЕ ГОСУДАРСТВЕННОЕ УНИТАРНОЕ ПРЕДПРИЯТИЕ ""РОСМОРПОРТ""";10.05.2021;;;;13.07.2021;30.12.2024;
№44-ФЗ;№0373100119621000002;Открытый конкурс в электронной форме;Строительство многофункциональных аварийно-спасательных судов ледового класса. Многофункциональное аварийно-спасательное судно мощностью 4 МВт. Проект MPSV07;;;;"ФЕДЕРАЛЬНОЕ КАЗЕННОЕ УЧРЕЖДЕНИЕ ""ДИРЕКЦИЯ ГОСУДАРСТВЕННОГО ЗАКАЗЧИКА ПРОГРАММ РАЗВИТИЯ МОРСКОГО ТРАНСПОРТА""";4899400000;RUB;;;;;;;"ФЕДЕРАЛЬНОЕ КАЗЕННОЕ УЧРЕЖДЕНИЕ ""ДИРЕКЦИЯ ГОСУДАРСТВЕННОГО ЗАКАЗЧИКА ПРОГРАММ РАЗВИТИЯ МОРСКОГО ТРАНСПОРТА""";"ФЕДЕРАЛЬНОЕ КАЗЕННОЕ УЧРЕЖДЕНИЕ ""ДИРЕКЦИЯ ГОСУДАРСТВЕННОГО ЗАКАЗЧИКА ПРОГРАММ РАЗВИТИЯ МОРСКОГО ТРАНСПОРТА""";30.04.2021;;;;21.06.2021;20.12.2024;
№44-ФЗ;№0173100009521000052;Открытый конкурс в электронной форме;"Закупка пассажирских судов на подводных крыльях СПК ""Валдай - 45Р"" для нужд Чувашской Республики за счет средств резервного фонда Правительства Российской Федерации (бюджетные инвестиции на приобретение объектов недвижимого имущества)";;;;МИНИСТЕРСТВО ПРОМЫШЛЕННОСТИ И ТОРГОВЛИ РОССИЙСКОЙ ФЕДЕРАЦИИ;330000000;RUB;;;;;;;МИНИСТЕРСТВО ПРОМЫШЛЕННОСТИ И ТОРГОВЛИ РОССИЙСКОЙ ФЕДЕРАЦИИ;МИНИСТЕРСТВО ПРОМЫШЛЕННОСТИ И ТОРГОВЛИ РОССИЙСКОЙ ФЕДЕРАЦИИ;29.04.2021;;;;11.06.2021;31.12.2021;
№223-ФЗ;№32110216328;Открытый конкурс;Сухогрузное судно проекта RSD59;;;;"ОБЩЕСТВО С ОГРАНИЧЕННОЙ ОТВЕТСТВЕННОСТЬЮ ""ГТЛК - ФИНАНС"" ";12870000000;RUB;;;;;;;"ОБЩЕСТВО С ОГРАНИЧЕННОЙ ОТВЕТСТВЕННОСТЬЮ ""ГТЛК - ФИНАНС"" ";"ОБЩЕСТВО С ОГРАНИЧЕННОЙ ОТВЕТСТВЕННОСТЬЮ ""ГТЛК - ФИНАНС"" ";21.04.2021;;;;31.05.2021;31.10.2022;
№223-ФЗ;№32110216494;Открытый конкурс;Открытый конкурс (№ ЦА 21-21) по выбору организации на право заключения договора на строительство судна с функциями нефтемусоросборщика для нужд ФГУП «Росморпорт»;;;;"ФЕДЕРАЛЬНОЕ ГОСУДАРСТВЕННОЕ УНИТАРНОЕ ПРЕДПРИЯТИЕ ""РОСМОРПОРТ""";150517500;RUB;;;;;;;"ФЕДЕРАЛЬНОЕ ГОСУДАРСТВЕННОЕ УНИТАРНОЕ ПРЕДПРИЯТИЕ ""РОСМОРПОРТ""";"ФЕДЕРАЛЬНОЕ ГОСУДАРСТВЕННОЕ УНИТАРНОЕ ПРЕДПРИЯТИЕ ""РОСМОРПОРТ""";21.04.2021;;;;10.06.2021;10.10.2022;
№44-ФЗ;№0373100119821000001;Открытый конкурс в электронной форме;"Несамоходный землесос класса ""*О 2,0 (лед 10) А"" проекта № 4395";;;;"ФЕДЕРАЛЬНОЕ КАЗЕННОЕ УЧРЕЖДЕНИЕ ""РЕЧВОДПУТЬ""";3662800000;RUB;;;;;;;"ФЕДЕРАЛЬНОЕ КАЗЕННОЕ УЧРЕЖДЕНИЕ ""РЕЧВОДПУТЬ""";"ФЕДЕРАЛЬНОЕ КАЗЕННОЕ УЧРЕЖДЕНИЕ ""РЕЧВОДПУТЬ""";15.04.2021;;;;26.07.2021;31.12.2024;
№223-ФЗ;№32110192592;Открытый конкурс;Поставка маломерного судна для нужд ФГБУ «АМП Западной Арктики»;;;;"ФЕДЕРАЛЬНОЕ ГОСУДАРСТВЕННОЕ БЮДЖЕТНОЕ УЧРЕЖДЕНИЕ ""АДМИНИСТРАЦИЯ МОРСКИХ ПОРТОВ ЗАПАДНОЙ АРКТИКИ""";60116666.67;RUB;;;;;;;"ФЕДЕРАЛЬНОЕ ГОСУДАРСТВЕННОЕ БЮДЖЕТНОЕ УЧРЕЖДЕНИЕ ""АДМИНИСТРАЦИЯ МОРСКИХ ПОРТОВ ЗАПАДНОЙ АРКТИКИ""";"ФЕДЕРАЛЬНОЕ ГОСУДАРСТВЕННОЕ БЮДЖЕТНОЕ УЧРЕЖДЕНИЕ ""АДМИНИСТРАЦИЯ МОРСКИХ ПОРТОВ ЗАПАДНОЙ АРКТИКИ""";14.04.2021;;;;03.06.2021; 30.07.2021;
№44-ФЗ;№0373100119621000001;Открытый конкурс в электронной форме;Строительство многофункциональных аварийно-спасательных судов ледового класса. Многофункциональный буксир-спасатель мощностью 2,5-3 МВт. Проект MPSV12.;;;;"ФЕДЕРАЛЬНОЕ КАЗЕННОЕ УЧРЕЖДЕНИЕ ""ДИРЕКЦИЯ ГОСУДАРСТВЕННОГО ЗАКАЗЧИКА ПРОГРАММ РАЗВИТИЯ МОРСКОГО ТРАНСПОРТА""";2946500000;RUB;;;;;;;"ФЕДЕРАЛЬНОЕ КАЗЕННОЕ УЧРЕЖДЕНИЕ ""ДИРЕКЦИЯ ГОСУДАРСТВЕННОГО ЗАКАЗЧИКА ПРОГРАММ РАЗВИТИЯ МОРСКОГО ТРАНСПОРТА""";"ФЕДЕРАЛЬНОЕ КАЗЕННОЕ УЧРЕЖДЕНИЕ ""ДИРЕКЦИЯ ГОСУДАРСТВЕННОГО ЗАКАЗЧИКА ПРОГРАММ РАЗВИТИЯ МОРСКОГО ТРАНСПОРТА""";05.04.2021;;;;28.05.2021;24.12.2024;
№44-ФЗ;№0373100089321000161;Электронный аукцион;Поставка многофункционального земснаряда;;;;"ФЕДЕРАЛЬНОЕ ГОСУДАРСТВЕННОЕ БЮДЖЕТНОЕ ВОДОХОЗЯЙСТВЕННОЕ УЧРЕЖДЕНИЕ ""ЦЕНТРРЕГИОНВОДХОЗ""";87599999.73;RUB;;;;;;;"ФЕДЕРАЛЬНОЕ ГОСУДАРСТВЕННОЕ БЮДЖЕТНОЕ ВОДОХОЗЯЙСТВЕННОЕ УЧРЕЖДЕНИЕ ""ЦЕНТРРЕГИОНВОДХОЗ""";"ФЕДЕРАЛЬНОЕ ГОСУДАРСТВЕННОЕ БЮДЖЕТНОЕ ВОДОХОЗЯЙСТВЕННОЕ УЧРЕЖДЕНИЕ ""ЦЕНТРРЕГИОНВОДХОЗ""";15.03.2021;;;;12.04.2021;31.01.2022;
№44-ФЗ;№1071600004021000002;Электронный аукцион;Покупка объекта недвижимого имущества в муниципальную собственность - пассажирского судна;;;;"МУНИЦИПАЛЬНОЕ АВТОНОМНОЕ УЧРЕЖДЕНИЕ ГОРОДСКОГО ОКРУГА ГОРОД РЫБИНСК ""ТУРИСТСКО-ИНФОРМАЦИОННЫЙ ЦЕНТР""";7000000;RUB;;;;;;;"МУНИЦИПАЛЬНОЕ АВТОНОМНОЕ УЧРЕЖДЕНИЕ ГОРОДСКОГО ОКРУГА ГОРОД РЫБИНСК ""ТУРИСТСКО-ИНФОРМАЦИОННЫЙ ЦЕНТР""";"МУНИЦИПАЛЬНОЕ АВТОНОМНОЕ УЧРЕЖДЕНИЕ ГОРОДСКОГО ОКРУГА ГОРОД РЫБИНСК ""ТУРИСТСКО-ИНФОРМАЦИОННЫЙ ЦЕНТР""";15.03.2021;;;;05.04.2021;31.12.2021 ;
№44-ФЗ;№1071600004021000001;Электронный аукцион;Покупка объекта недвижимого имущества в муниципальную собственность - пассажирского судна;;;;"МУНИЦИПАЛЬНОЕ АВТОНОМНОЕ УЧРЕЖДЕНИЕ ГОРОДСКОГО ОКРУГА ГОРОД РЫБИНСК ""ТУРИСТСКО-ИНФОРМАЦИОННЫЙ ЦЕНТР""";7000000;RUB;;;;;;;"МУНИЦИПАЛЬНОЕ АВТОНОМНОЕ УЧРЕЖДЕНИЕ ГОРОДСКОГО ОКРУГА ГОРОД РЫБИНСК ""ТУРИСТСКО-ИНФОРМАЦИОННЫЙ ЦЕНТР""";"МУНИЦИПАЛЬНОЕ АВТОНОМНОЕ УЧРЕЖДЕНИЕ ГОРОДСКОГО ОКРУГА ГОРОД РЫБИНСК ""ТУРИСТСКО-ИНФОРМАЦИОННЫЙ ЦЕНТР""";06.03.2021;;;;;;
№223-ФЗ;№32110026807;Закупка у единственного поставщика;Приобретение многоцелевого буксира-якорезаводчика;;;;"ФЕДЕРАЛЬНОЕ ГОСУДАРСТВЕННОЕ БЮДЖЕТНОЕ УЧРЕЖДЕНИЕ ""МОРСКАЯ СПАСАТЕЛЬНАЯ СЛУЖБА""";564296040.6;RUB;;;;;;;"ФЕДЕРАЛЬНОЕ ГОСУДАРСТВЕННОЕ БЮДЖЕТНОЕ УЧРЕЖДЕНИЕ ""МОРСКАЯ СПАСАТЕЛЬНАЯ СЛУЖБА""";"ФЕДЕРАЛЬНОЕ ГОСУДАРСТВЕННОЕ БЮДЖЕТНОЕ УЧРЕЖДЕНИЕ ""МОРСКАЯ СПАСАТЕЛЬНАЯ СЛУЖБА""";25.02.2021;;;;28.02.2021;31.12.2021;
№223-ФЗ;№32110004421;Закупка у единственного поставщика (до 01.07.18);Поставка двухвинтового буксира ледового класса с поворотными движительно-рулевыми колонками, в количестве одной единицы;;;;"АКЦИОНЕРНОЕ ОБЩЕСТВО ""НАХОДКИНСКИЙ МОРСКОЙ ТОРГОВЫЙ ПОРТ""";524467070;RUB;;;;;;;"АКЦИОНЕРНОЕ ОБЩЕСТВО ""НАХОДКИНСКИЙ МОРСКОЙ ТОРГОВЫЙ ПОРТ""";"АКЦИОНЕРНОЕ ОБЩЕСТВО ""НАХОДКИНСКИЙ МОРСКОЙ ТОРГОВЫЙ ПОРТ""";18.02.2021;;;;26.02.2021;14.07.2021;
№223-ФЗ;№32109982903;Запрос котировок в электронной форме;Запрос котировок в электронной форме (№ ЦА 04-21) по выбору организации на право заключения договора на выполнение работ по проектированию и строительству двух судов сборщиков льяльных вод для нужд ФГУП «Росморпорт»;;;;"ФЕДЕРАЛЬНОЕ ГОСУДАРСТВЕННОЕ УНИТАРНОЕ ПРЕДПРИЯТИЕ ""РОСМОРПОРТ""";933000000;RUB;;;;;;;"ФЕДЕРАЛЬНОЕ ГОСУДАРСТВЕННОЕ УНИТАРНОЕ ПРЕДПРИЯТИЕ ""РОСМОРПОРТ""";"ФЕДЕРАЛЬНОЕ ГОСУДАРСТВЕННОЕ УНИТАРНОЕ ПРЕДПРИЯТИЕ ""РОСМОРПОРТ""";11.02.2021;;;;16.04.2021;;
№223-ФЗ;№32109917185;Открытый конкурс в электронной форме;Право заключения договора на выполнение работ по строительству и поставку плавучего дока для ФГУП «Атомфлот»;;;;ФЕДЕРАЛЬНОЕ ГОСУДАРСТВЕННОЕ УНИТАРНОЕ ПРЕДПРИЯТИЕ АТОМНОГО ФЛОТА;4983210000;RUB;;;;;;;ФЕДЕРАЛЬНОЕ ГОСУДАРСТВЕННОЕ УНИТАРНОЕ ПРЕДПРИЯТИЕ АТОМНОГО ФЛОТА;ФЕДЕРАЛЬНОЕ ГОСУДАРСТВЕННОЕ УНИТАРНОЕ ПРЕДПРИЯТИЕ АТОМНОГО ФЛОТА;22.01.2021;;;;07.06.2021;22.11.2023;
